taskID,passage,label
IEPA.d0.s0_0, PROTEIN1 stimulates PROTEIN2 production in dose-dependent fashion as well,yes
IEPA.d1.s1_1,"Phosphoinositide hydrolysis, resulting in PROTEIN1 (IP3) and diacylglycerol (DG) formation, has been implicated in PROTEIN2 stimulated pulsatile secretion of prostaglandin F2 alpha (PGF2 alpha) from uterine endometrium of sheep and other mammals",yes
IEPA.d2.s2_2,"SP ewes also had greater incorporation of [3H]inositol into PROTEIN (IP3) (+3449%, p less than 0.01) and total PROTEIN1 (IP) (+760%, p less than 0.08), in response to PROTEIN than did oCSP ewes (+553 and +168% for PROTEIN and total PROTEIN2 respectively) in endometrium collected at ovariectomy/hysterectomy on Day 16",no
IEPA.d2.s2_3,"SP ewes also had greater incorporation of [3H]inositol into PROTEIN1 (IP3) (+3449%, p less than 0.01) and total PROTEIN2 (IP) (+760%, p less than 0.08), in response to PROTEIN than did oCSP ewes (+553 and +168% for PROTEIN and total PROTEIN respectively) in endometrium collected at ovariectomy/hysterectomy on Day 16",no
IEPA.d2.s2_4,"SP ewes also had greater incorporation of [3H]inositol into PROTEIN (IP3) (+3449%, p less than 0.01) and total PROTEIN1 (IP) (+760%, p less than 0.08), in response to PROTEIN than did oCSP ewes (+553 and +168% for PROTEIN2 and total PROTEIN respectively) in endometrium collected at ovariectomy/hysterectomy on Day 16",no
IEPA.d2.s2_5,"SP ewes also had greater incorporation of [3H]inositol into PROTEIN (IP3) (+3449%, p less than 0.01) and total PROTEIN1 (IP) (+760%, p less than 0.08), in response to PROTEIN2 than did oCSP ewes (+553 and +168% for PROTEIN and total PROTEIN respectively) in endometrium collected at ovariectomy/hysterectomy on Day 16",yes
IEPA.d2.s2_6,"SP ewes also had greater incorporation of [3H]inositol into PROTEIN1 (IP3) (+3449%, p less than 0.01) and total PROTEIN (IP) (+760%, p less than 0.08), in response to PROTEIN than did oCSP ewes (+553 and +168% for PROTEIN and total PROTEIN2 respectively) in endometrium collected at ovariectomy/hysterectomy on Day 16",no
IEPA.d2.s2_7,"SP ewes also had greater incorporation of [3H]inositol into PROTEIN (IP3) (+3449%, p less than 0.01) and total PROTEIN (IP) (+760%, p less than 0.08), in response to PROTEIN than did oCSP ewes (+553 and +168% for PROTEIN1 and total PROTEIN2 respectively) in endometrium collected at ovariectomy/hysterectomy on Day 16",no
IEPA.d2.s2_8,"SP ewes also had greater incorporation of [3H]inositol into PROTEIN (IP3) (+3449%, p less than 0.01) and total PROTEIN (IP) (+760%, p less than 0.08), in response to PROTEIN1 than did oCSP ewes (+553 and +168% for PROTEIN and total PROTEIN2 respectively) in endometrium collected at ovariectomy/hysterectomy on Day 16",yes
IEPA.d2.s2_9,"SP ewes also had greater incorporation of [3H]inositol into PROTEIN1 (IP3) (+3449%, p less than 0.01) and total PROTEIN (IP) (+760%, p less than 0.08), in response to PROTEIN than did oCSP ewes (+553 and +168% for PROTEIN2 and total PROTEIN respectively) in endometrium collected at ovariectomy/hysterectomy on Day 16",no
IEPA.d2.s2_10,"SP ewes also had greater incorporation of [3H]inositol into PROTEIN1 (IP3) (+3449%, p less than 0.01) and total PROTEIN (IP) (+760%, p less than 0.08), in response to PROTEIN2 than did oCSP ewes (+553 and +168% for PROTEIN and total PROTEIN respectively) in endometrium collected at ovariectomy/hysterectomy on Day 16",yes
IEPA.d2.s2_11,"SP ewes also had greater incorporation of [3H]inositol into PROTEIN (IP3) (+3449%, p less than 0.01) and total PROTEIN (IP) (+760%, p less than 0.08), in response to PROTEIN1 than did oCSP ewes (+553 and +168% for PROTEIN2 and total PROTEIN respectively) in endometrium collected at ovariectomy/hysterectomy on Day 16",yes
IEPA.d2.s3_12,"These results indicate that oTP-1 may prevent luteolysis by inhibiting development of endometrial responsiveness to PROTEIN1 and, therefore, reduce PROTEIN2 induced synthesis of PROTEIN and PGF2 alpha",no
IEPA.d2.s3_13,"These results indicate that oTP-1 may prevent luteolysis by inhibiting development of endometrial responsiveness to PROTEIN and, therefore, reduce PROTEIN1 induced synthesis of PROTEIN2 and PGF2 alpha",yes
IEPA.d2.s3_14,"These results indicate that oTP-1 may prevent luteolysis by inhibiting development of endometrial responsiveness to PROTEIN1 and, therefore, reduce PROTEIN induced synthesis of PROTEIN2 and PGF2 alpha",no
IEPA.d3.s4_15, PROTEIN1 and PROTEIN2 binding in human myometrium,no
IEPA.d4.s5_16,The effects of prostaglandin F2 alpha (PGF2 alpha) on intracellular Ca2+ concentration ([Ca2+]i) and PROTEIN1 (IP) generation in human myometrial cells were evaluated and compared to the effects of PROTEIN2 ,no
IEPA.d4.s6_17,"In contrast, the potencies of PROTEIN1 to raise PROTEIN2 and [Ca2+]i were similar and independent of extracellular Ca2+, and could be suppressed by pertussis toxin and phorbol ester, but not by verapamil",yes
IEPA.d4.s7_18,"The action of PGF2 alpha depends on extracellular Ca2+, whereas PROTEIN1 activates the G-protein-dependent phospholipase-C- PROTEIN2 Ca2+ signal-transducing pathway, complemented by the influx of extracellular Ca2+",yes
IEPA.d8.s14_19,"The objectives of this study were to evaluate and compare the actions of endothelin-1 (ET-1), PROTEIN1 prostaglandin F2 alpha (PGF2 alpha) and PROTEIN2 (IP3) on 45Ca2+ mobilization in permeabilized rat myometrial cells and to examine the activation of the inositol lipid cycle in intact myocytes",no
IEPA.d8.s15_20,"All four agonists caused a biphasic release of 45Ca2+ from non-mitochondrial pool(s), with the rank order of potency: PROTEIN1 > PGF2 alpha > ET-1 > PROTEIN2 ",no
IEPA.d8.s16_21,"Endothelin-1 and PROTEIN1 stimulated PROTEIN2 accumulation at concentrations similar to those that promoted 45Ca2+ efflux, whereas about 100 times higher concentrations of PGF2 alpha were needed to activate this signaling pathway in intact cells",yes
IEPA.d8.s17_22,"It is concluded that the primary action of PGF2 alpha in myometrial cells is to enhance Ca2+ influx, whereas PROTEIN1 and ET-1 receptors are coupled to phospholipase C, generating PROTEIN2 and raising the intracellular concentration of free Ca2+ from intracellular as well as extracellular sources",yes
IEPA.d9.s18_23," PROTEIN1 induced a biphasic increase in the intracellular Ca2+ concentration of porcine myometrial cells: participation of a pertussis toxin-insensitive G-protein, PROTEIN2 sensitive Ca2+ pool, and Ca2+ channels",no
IEPA.d9.s19_24,Administration of PROTEIN1 (1 microM) for 15 sec increased PROTEIN2 (IP3) formation by 61%,yes
IEPA.d9.s20_25,"Pretreatment with pertussis toxin (PTX, 1 microgram/ml) for 2 hr failed to alter the PROTEIN1 induced increase in [Ca2+]i and PROTEIN2 formation",yes
IEPA.d9.s21_26,U-73122 (3 microM) also abolished the PROTEIN1 induced PROTEIN2 formation,yes
IEPA.d10.s22_27, PROTEIN1 beta protein disruption of cholinergic and growth factor PROTEIN2 signals could underlie cognitive and neurodegerative aspects of Alzheimer's disease,yes
IEPA.d11.s23_28," PROTEIN1 beta protein (25-35) stimulation of PROTEIN2 A, C and D activities of LA-N-2 cells",yes
IEPA.d11.s24_29,"[3H]Inositol prelabeled LA-N-2 cells were exposed to varying concentrations of PROTEIN1 from 20 to 125 micrograms/ml, and PROTEIN2 activation was measured",no
IEPA.d11.s25_30,"The effects of adrenergic, metabotropic amino acid and bombesin antagonists on the PROTEIN1 mediated stimulation of PROTEIN2 activity was investigated",yes
IEPA.d11.s26_31,"Propranolol, a beta adrenergic antagonist, 7-chloro-kynurenic acid, a metabotropic amino acid antagonist, and [Tyr4-D-Phe12]bombesin, a bombesin antagonist, blunted the PROTEIN1 stimulation of PROTEIN2 activity in [3H]inositol prelabeled LA-N-2 cells",yes
IEPA.d11.s27_32,This suggests that PROTEIN1 beta protein activation of PROTEIN2 may be receptor mediated,yes
IEPA.d11.s28_33,The PROTEIN1 inhibitor U 71322 prevented the activation of PROTEIN by PROTEIN2 ,no
IEPA.d11.s28_34,The PROTEIN inhibitor U 71322 prevented the activation of PROTEIN1 by PROTEIN2 ,yes
IEPA.d11.s28_35,The PROTEIN1 inhibitor U 71322 prevented the activation of PROTEIN2 by PROTEIN ,no
IEPA.d12.s29_36,These results suggest that PROTEIN1 secretion and PROTEIN production in NT2N neurons are regulated by the muscarinic/ PROTEIN2 signal transduction pathway,yes
IEPA.d12.s29_37,These results suggest that PROTEIN secretion and PROTEIN1 production in NT2N neurons are regulated by the muscarinic/ PROTEIN2 signal transduction pathway,yes
IEPA.d12.s29_38,These results suggest that PROTEIN1 secretion and PROTEIN2 production in NT2N neurons are regulated by the muscarinic/ PROTEIN signal transduction pathway,no
IEPA.d13.s30_39,"Current interest in reducing heart disease risks by diet involves attention to total fat; saturated, monounsaturated, polyunsaturated and trans fatty acids, as well as dietary PROTEIN1 soluble fiber, salt, alcohol, antioxidants, dietary alterations causing homocysteinemia and other dietary constituents, such as PROTEIN2 compounds in some soy products",no
IEPA.d14.s31_40,This indicates that the calcium response to PROTEIN1 application was principally associated with activation of the PROTEIN2 sensitive calcium stores,no
IEPA.d15.s32_41,The beta PROTEIN1 protein fragments had diverse effects on phosphoinositide-specific PROTEIN2 (PI-PLC) as assayed in rat cortical membranes,yes
IEPA.d16.s33_42,"They are needed for the catabolism of PROTEIN1 bile acids, and steroid hormones; they hydrolyze a number of PROTEIN2 glycosides to anticarcinogens; and they detoxify certain carcinogens",no
IEPA.d17.s34_43,"The aim of this study was to investigate the effects of hCG, hCG plus PROTEIN1 and PROTEIN2 on [3H] PROTEIN (IP) formations in porcine myometrial cells obtained from ovariectomized and cyclic gilts",no
IEPA.d17.s34_44,"The aim of this study was to investigate the effects of hCG, hCG plus PROTEIN and PROTEIN1 on [3H] PROTEIN2 (IP) formations in porcine myometrial cells obtained from ovariectomized and cyclic gilts",yes
IEPA.d17.s34_45,"The aim of this study was to investigate the effects of hCG, hCG plus PROTEIN1 and PROTEIN on [3H] PROTEIN2 (IP) formations in porcine myometrial cells obtained from ovariectomized and cyclic gilts",yes
IEPA.d17.s35_46,"The highest production of total PROTEIN1 (d.p.m.) was found in cells from ovariectomized gilts given in vivo estradiol benzoate and progesterone for five consecutive days and treated with 1000 mU hCG and 100 mU hCG plus 1 microM PROTEIN2 (984 +/- 84 and 1063 +/- 131 vs 314 +/- 36, respectively)",yes
IEPA.d17.s36_47,"There was also a very significant increase of PROTEIN1 after the addition of 1000 mU hCG (p < 0.001) and PROTEIN2 and PROTEIN when 1000 mU hCG plus PROTEIN were added (p < 0.001 and p < 0.01, respectively)",no
IEPA.d17.s36_48,"There was also a very significant increase of PROTEIN after the addition of 1000 mU hCG (p < 0.001) and PROTEIN1 and PROTEIN2 when 1000 mU hCG plus PROTEIN were added (p < 0.001 and p < 0.01, respectively)",no
IEPA.d17.s36_49,"There was also a very significant increase of PROTEIN after the addition of 1000 mU hCG (p < 0.001) and PROTEIN1 and PROTEIN when 1000 mU hCG plus PROTEIN2 were added (p < 0.001 and p < 0.01, respectively)",yes
IEPA.d17.s36_50,"There was also a very significant increase of PROTEIN1 after the addition of 1000 mU hCG (p < 0.001) and PROTEIN and PROTEIN2 when 1000 mU hCG plus PROTEIN were added (p < 0.001 and p < 0.01, respectively)",no
IEPA.d17.s36_51,"There was also a very significant increase of PROTEIN1 after the addition of 1000 mU hCG (p < 0.001) and PROTEIN and PROTEIN when 1000 mU hCG plus PROTEIN2 were added (p < 0.001 and p < 0.01, respectively)",yes
IEPA.d17.s36_52,"There was also a very significant increase of PROTEIN after the addition of 1000 mU hCG (p < 0.001) and PROTEIN and PROTEIN1 when 1000 mU hCG plus PROTEIN2 were added (p < 0.001 and p < 0.01, respectively)",yes
IEPA.d17.s37_53,Only PROTEIN1 alone increased the formation of PROTEIN2 in cells from ovariectomized pigs treated with estradiol in vivo (p < 0.01),yes
IEPA.d17.s38_54,The highest dose of hCG plus The highest dose of hCG plus PROTEIN1 provoked accumulation of total [3H] PROTEIN2 (p < 0.05) 53% over the basal level on days 21/1 of the estrous cycle,yes
IEPA.d17.s39_55,The present study demonstrates that hCG and PROTEIN1 can increase the accumulation of PROTEIN2 in porcine myometrial cells,yes
IEPA.d18.s40_56,"The relative risks between highest and lowest quarters of PROTEIN1 intake adjusted for age, smoking, serum PROTEIN2 concentration, blood pressure, and body mass index were 0.69 (95% confidence interval 0.53 to 0.90) and 0.54 (0.33 to 0.87) for total and coronary mortality, respectively",no
IEPA.d19.s41_57,"Granulosa cells were isolated from bovine preovulatory follicles and cultured for 3 days with or without PROTEIN1 in medium supplemented with either PROTEIN2 (1 microgram/ml) + 1% fetal calf serum (FCS), which maintains basal estradiol secretion, or low doses of FSH (1 and 2 ng/ml) + 1% FCS, a culture condition that maximizes effects of FSH on estradiol secretion",no
IEPA.d20.s42_58,"We propose that PROTEIN1 binds to specific OT receptors (OTR) on the endometrium to stimulate phosphoinositide (PI) hydrolysis, thereby activating the inositol trisphosphate ( PROTEIN2 -diacylglycerol (DAG) second-messenger system to promote pulsatile PGF2 alpha secretion",yes
IEPA.d20.s43_59,Endometrial PROTEIN1 was increased within 30 seconds after PROTEIN2 treatment and preceded the increase in PGF2 alpha release stimulated by PROTEIN ,yes
IEPA.d20.s43_60,Endometrial PROTEIN was increased within 30 seconds after PROTEIN1 treatment and preceded the increase in PGF2 alpha release stimulated by PROTEIN2 ,no
IEPA.d20.s43_61,Endometrial PROTEIN1 was increased within 30 seconds after PROTEIN treatment and preceded the increase in PGF2 alpha release stimulated by PROTEIN2 ,no
IEPA.d20.s44_62,"These results support the hypothesis that PROTEIN1 stimulates phospholipase C to hydrolyze PI, yielding PROTEIN2 and DAG second-messengers which promote endometrial PGF2 alpha release during CL regression in pigs",yes
IEPA.d21.s45_63,These data suggest that cAMP-dependent phosphorylation at a step involving GTP-binding protein/PLC coupling can exert a negative effect on the stimulation of PROTEIN1 formation by PROTEIN2 and thereby affect contraction/relaxation in the myometrium,yes
IEPA.d22.s46_64,"Once the abnormally phosphorylated abnormal PROTEIN1 isoform agent is initiated, any stress event ensuing in adult life induces a nerve growth factor-mediated synthesis of normal cellular PROTEIN isoform that aggregates to abnormally phosphorylated abnormal PROTEIN isoform, thereby becoming 'infected'/transformed into the same; due to the vicious circle of positive feedback invoked by the blocking of a PROTEIN2 specific PROTEIN ",no
IEPA.d22.s46_65,"Once the abnormally phosphorylated abnormal PROTEIN isoform agent is initiated, any stress event ensuing in adult life induces a nerve growth factor-mediated synthesis of normal cellular PROTEIN1 isoform that aggregates to abnormally phosphorylated abnormal PROTEIN isoform, thereby becoming 'infected'/transformed into the same; due to the vicious circle of positive feedback invoked by the blocking of a PROTEIN2 specific PROTEIN ",no
IEPA.d22.s46_66,"Once the abnormally phosphorylated abnormal PROTEIN isoform agent is initiated, any stress event ensuing in adult life induces a nerve growth factor-mediated synthesis of normal cellular PROTEIN isoform that aggregates to abnormally phosphorylated abnormal PROTEIN1 isoform, thereby becoming 'infected'/transformed into the same; due to the vicious circle of positive feedback invoked by the blocking of a PROTEIN2 specific PROTEIN ",no
IEPA.d22.s46_67,"Once the abnormally phosphorylated abnormal PROTEIN isoform agent is initiated, any stress event ensuing in adult life induces a nerve growth factor-mediated synthesis of normal cellular PROTEIN isoform that aggregates to abnormally phosphorylated abnormal PROTEIN isoform, thereby becoming 'infected'/transformed into the same; due to the vicious circle of positive feedback invoked by the blocking of a PROTEIN1 specific PROTEIN2 ",yes
IEPA.d22.s46_68,"Once the abnormally phosphorylated abnormal PROTEIN1 isoform agent is initiated, any stress event ensuing in adult life induces a nerve growth factor-mediated synthesis of normal cellular PROTEIN2 isoform that aggregates to abnormally phosphorylated abnormal PROTEIN isoform, thereby becoming 'infected'/transformed into the same; due to the vicious circle of positive feedback invoked by the blocking of a PROTEIN specific PROTEIN ",no
IEPA.d22.s46_69,"Once the abnormally phosphorylated abnormal PROTEIN1 isoform agent is initiated, any stress event ensuing in adult life induces a nerve growth factor-mediated synthesis of normal cellular PROTEIN isoform that aggregates to abnormally phosphorylated abnormal PROTEIN2 isoform, thereby becoming 'infected'/transformed into the same; due to the vicious circle of positive feedback invoked by the blocking of a PROTEIN specific PROTEIN ",no
IEPA.d22.s46_70,"Once the abnormally phosphorylated abnormal PROTEIN1 isoform agent is initiated, any stress event ensuing in adult life induces a nerve growth factor-mediated synthesis of normal cellular PROTEIN isoform that aggregates to abnormally phosphorylated abnormal PROTEIN isoform, thereby becoming 'infected'/transformed into the same; due to the vicious circle of positive feedback invoked by the blocking of a PROTEIN specific PROTEIN2 ",no
IEPA.d22.s46_71,"Once the abnormally phosphorylated abnormal PROTEIN isoform agent is initiated, any stress event ensuing in adult life induces a nerve growth factor-mediated synthesis of normal cellular PROTEIN1 isoform that aggregates to abnormally phosphorylated abnormal PROTEIN2 isoform, thereby becoming 'infected'/transformed into the same; due to the vicious circle of positive feedback invoked by the blocking of a PROTEIN specific PROTEIN ",no
IEPA.d22.s46_72,"Once the abnormally phosphorylated abnormal PROTEIN isoform agent is initiated, any stress event ensuing in adult life induces a nerve growth factor-mediated synthesis of normal cellular PROTEIN1 isoform that aggregates to abnormally phosphorylated abnormal PROTEIN isoform, thereby becoming 'infected'/transformed into the same; due to the vicious circle of positive feedback invoked by the blocking of a PROTEIN specific PROTEIN2 ",no
IEPA.d22.s46_73,"Once the abnormally phosphorylated abnormal PROTEIN isoform agent is initiated, any stress event ensuing in adult life induces a nerve growth factor-mediated synthesis of normal cellular PROTEIN isoform that aggregates to abnormally phosphorylated abnormal PROTEIN1 isoform, thereby becoming 'infected'/transformed into the same; due to the vicious circle of positive feedback invoked by the blocking of a PROTEIN specific PROTEIN2 ",no
IEPA.d23.s47_74,The resulting abnormally phosphorylated PROTEIN aggregates to freshly synthesized PROTEIN transforming it into same; due to a system of positive feedback invoked by the organophosphate-induced blockage of a PROTEIN1 specific PROTEIN2 ,yes
IEPA.d23.s47_75,The resulting abnormally phosphorylated PROTEIN aggregates to freshly synthesized PROTEIN1 transforming it into same; due to a system of positive feedback invoked by the organophosphate-induced blockage of a PROTEIN specific PROTEIN2 ,no
IEPA.d23.s47_76,The resulting abnormally phosphorylated PROTEIN1 aggregates to freshly synthesized PROTEIN transforming it into same; due to a system of positive feedback invoked by the organophosphate-induced blockage of a PROTEIN specific PROTEIN2 ,no
IEPA.d23.s47_77,The resulting abnormally phosphorylated PROTEIN aggregates to freshly synthesized PROTEIN1 transforming it into same; due to a system of positive feedback invoked by the organophosphate-induced blockage of a PROTEIN2 specific PROTEIN ,no
IEPA.d23.s47_78,The resulting abnormally phosphorylated PROTEIN1 aggregates to freshly synthesized PROTEIN transforming it into same; due to a system of positive feedback invoked by the organophosphate-induced blockage of a PROTEIN2 specific PROTEIN ,no
IEPA.d23.s47_79,The resulting abnormally phosphorylated PROTEIN1 aggregates to freshly synthesized PROTEIN2 transforming it into same; due to a system of positive feedback invoked by the organophosphate-induced blockage of a PROTEIN specific PROTEIN ,no
IEPA.d24.s48_80,The aim of the present study was to investigate how PROTEIN1 given subcutaneously (SC) and intracerebroventricularly (ICV) influences the secretion of PROTEIN2 glucagon and glucose and to investigate whether the effect on these variables of suckling in lactating rats is mediated by oxytocinergic mechanisms,yes
IEPA.d24.s49_81,Subcutaneous injections of PROTEIN1 increased PROTEIN2 glucagon and glucose levels significantly,yes
IEPA.d24.s50_82,Two nanograms PROTEIN1 given ICV had no effect on glucagon and glucose levels but caused a significant rise in PROTEIN2 levels at this time point,yes
IEPA.d24.s51_83,The PROTEIN1 antagonist 1-deamino-2-D-Tyr-(OEt)-4-Thr-8-Orn-oxytocin administered ICV increased PROTEIN2 levels itself and therefore the effect on PROTEIN induced PROTEIN secretion was difficult to evaluate,no
IEPA.d24.s51_84,The PROTEIN1 antagonist 1-deamino-2-D-Tyr-(OEt)-4-Thr-8-Orn-oxytocin administered ICV increased PROTEIN levels itself and therefore the effect on PROTEIN induced PROTEIN2 secretion was difficult to evaluate,no
IEPA.d24.s51_85,The PROTEIN1 antagonist 1-deamino-2-D-Tyr-(OEt)-4-Thr-8-Orn-oxytocin administered ICV increased PROTEIN levels itself and therefore the effect on PROTEIN2 induced PROTEIN secretion was difficult to evaluate,no
IEPA.d24.s51_86,The PROTEIN antagonist 1-deamino-2-D-Tyr-(OEt)-4-Thr-8-Orn-oxytocin administered ICV increased PROTEIN1 levels itself and therefore the effect on PROTEIN induced PROTEIN2 secretion was difficult to evaluate,no
IEPA.d24.s51_87,The PROTEIN antagonist 1-deamino-2-D-Tyr-(OEt)-4-Thr-8-Orn-oxytocin administered ICV increased PROTEIN1 levels itself and therefore the effect on PROTEIN2 induced PROTEIN secretion was difficult to evaluate,no
IEPA.d24.s51_88,The PROTEIN antagonist 1-deamino-2-D-Tyr-(OEt)-4-Thr-8-Orn-oxytocin administered ICV increased PROTEIN levels itself and therefore the effect on PROTEIN1 induced PROTEIN2 secretion was difficult to evaluate,yes
IEPA.d24.s52_89,Intracerebroventricular injections of 200 ng PROTEIN1 caused a significant rise not only of PROTEIN2 but also of glucagon and glucose levels,yes
IEPA.d24.s53_90,"In contrast, nanogram amounts of PROTEIN1 administered ICV cause a rise of PROTEIN2 levels",yes
IEPA.d25.s54_91,The responses of serum PROTEIN1 (OT) and vasopressin (AVP) to the serotonergic HT1A agonist buspirone (15 mg p.o.) or the HTD1 agonist sumatriptan (6 mg injected subcutaneously) were evaluated in 7 normal men either in basal conditions or during an PROTEIN2 (0.15 iu/kg as an i.v. bolus) tolerance test (ITT),no
IEPA.d25.s55_92,Stimulation of 5HT-1D receptors with sumatriptan was unable to change neither AVP nor PROTEIN1 response to PROTEIN2 induced hypoglycemia,yes
IEPA.d26.s56_93,"The SGR and RGR also had different endocrine profiles with, for example, twice as high PROTEIN1 (p < 0.01) and PROTEIN2 levels (p < 0.01) in RGR compared to the SGR",no
IEPA.d27.s57_94,"8-OH-DPAT also increased PROTEIN1 and decreased CCK and somatostatin levels, effects that were blocked by pretreatment with the PROTEIN2 antagonist",yes
IEPA.d27.s58_95,"Taken together, these data suggest that the effect of 8-OH-DPAT on plasma levels of PROTEIN1 somatostatin and CCK may be mediated by PROTEIN2 ",yes
IEPA.d27.s59_96,"In previous experiments, we have shown that following i.c.v. application of PROTEIN1 plasma levels of PROTEIN2 are increased through a cholinergic mechanism",yes
IEPA.d28.s60_97,"In HVSMC both PROTEIN1 and AVP increased PROTEIN (IP3) production and [Ca2+]i response, but the efficacy of the responses was greater for PROTEIN2 than AVP",no
IEPA.d28.s60_98,"In HVSMC both PROTEIN1 and AVP increased PROTEIN2 (IP3) production and [Ca2+]i response, but the efficacy of the responses was greater for PROTEIN than AVP",yes
IEPA.d28.s60_99,"In HVSMC both PROTEIN and AVP increased PROTEIN1 (IP3) production and [Ca2+]i response, but the efficacy of the responses was greater for PROTEIN2 than AVP",no
IEPA.d31.s63_100," PROTEIN1 may rapidly stimulate PROTEIN2 (IP3) and diacylglycerol (DAG) formation, consistent with the concept of rapid activation of a second-messenger system",yes
IEPA.d31.s64_101,"In support of this hypothesis, endometrial PROTEIN1 levels were increased (P < 0.05) within 0.5 min after treatment with 0.1 microM PROTEIN2 ",yes
IEPA.d31.s65_102,These results indicate that PROTEIN1 induces endometrial PROTEIN2 production in a rapid manner indicative of a second-messenger system,yes
IEPA.d32.s66_103,Gamma-aminobutyric acid mediation of the inhibitory effect of nitric oxide on the arginine vasopressin and PROTEIN1 responses to PROTEIN2 induced hypoglycemia,yes
IEPA.d32.s67_104,"Previous studies have demonstrated that the nitric oxide (NO) synthase inhibitor L-NAME exerts positive effects on the arginine vasopressin (AVP) and PROTEIN1 (OT) responses to PROTEIN2 induced hypoglycemia, suggesting inhibitory actions of NO",yes
IEPA.d32.s68_105,"AVP and PROTEIN1 secretory patterns during PROTEIN2 (0.15 IU/kg, i.v.)-tolerance tests (ITT) were examined in seven normal male subjects with (experimental tests) and without (control test) concomitant treatment with L-NAME (40 micrograms/kg injected plus 50 micrograms/kg infused, i.v.), the GABAergic agent sodium valproate (600 mg in three divided doses orally) or the combination of L-NAME and sodium valproate",no
IEPA.d32.s69_106, PROTEIN1 induced hypoglycemia increased by 2-fold (peak vs. baseline) plasma AVP and PROTEIN2 levels,yes
IEPA.d32.s70_107,These data indicate a GABAergic mediation of the inhibitory modulation by NO of the AVP and PROTEIN1 responses to PROTEIN2 induced hypoglycemia,yes
IEPA.d33.s71_108,Correlation between the stimulatory effect of PROTEIN1 on the formation of PROTEIN2 and the oxytocin receptor level in the pregnant rabbit myometrium,yes
IEPA.d33.s72_109,"OBJECTIVE: In order to elucidate the roles of PROTEIN1 (IP3) and oxytocin (OT) receptors in rabbit parturition, the concentration of PROTEIN2 induced by PROTEIN and the OT receptor levels were determined in rabbit myometria before and after parturition",no
IEPA.d33.s72_110,"OBJECTIVE: In order to elucidate the roles of PROTEIN1 (IP3) and oxytocin (OT) receptors in rabbit parturition, the concentration of PROTEIN induced by PROTEIN2 and the OT receptor levels were determined in rabbit myometria before and after parturition",no
IEPA.d33.s72_111,"OBJECTIVE: In order to elucidate the roles of PROTEIN (IP3) and oxytocin (OT) receptors in rabbit parturition, the concentration of PROTEIN1 induced by PROTEIN2 and the OT receptor levels were determined in rabbit myometria before and after parturition",yes
IEPA.d33.s73_112,"METHODS: The effects of PROTEIN1 on PROTEIN2 formation and OT receptor levels were determined in the myometria of non-pregnant rabbits, Days 26, 28 and 30 of pregnancy rabbits, postpartum rabbits within 12 hours and steroid-treated ovariectomized rabbits",no
IEPA.d33.s74_113,"RESULTS: OT receptors were not detectable in the myometria of non-pregnant rabbits, and PROTEIN1 had no effect on the formation of PROTEIN2 (IPs)",yes
IEPA.d33.s75_114,"On Day 28 of pregnancy, OT receptors became detectable, and then PROTEIN1 could induce the formation of PROTEIN2 ",yes
IEPA.d33.s76_115,"Thereafter, the stimulatory effects of PROTEIN1 on PROTEIN2 formation and the OT receptor levels dramatically increased toward the end of pregnancy and reduced rapidly after parturition",yes
IEPA.d33.s77_116,"When the ovariectomized pregnant rabbits were treated with estrogen, OT receptors in the myometrium were induced, and PROTEIN1 acquired the ability to stimulate PROTEIN2 formation",yes
IEPA.d33.s78_117,"In addition, an OT receptor antagonist inhibited the stimulatory effects of PROTEIN1 on PROTEIN2 formation",yes
IEPA.d33.s79_118,"CONCLUSIONS: These results suggest that the formation of PROTEIN1 by PROTEIN2 the OT receptor levels in the myometrium, and the production of PGF2 in the decidua might play crucial roles in parturition",yes
IEPA.d34.s80_119,Immunohistochemical localization of PROTEIN1 and PROTEIN2 in white and brown adipose tissue,no
IEPA.d34.s81_120,"To establish the cell type expressing PROTEIN1 we also assessed the size and organization of lipid droplets, the ultrastructural features of mitochondria, and the presence or absence of PROTEIN2 a brown fat-specific marker",no
IEPA.d34.s82_121,"In brown adipose tissue of lean animals, multilocular PROTEIN1 (UCP)-positive brown adipocytes had typical brown mitochondria and were PROTEIN2 negative, both in fed and fasted conditions",no
IEPA.d34.s83_122,"At the periphery of the interscapular brown adipose tissue depot, unilocular, PROTEIN1 negative adipocytes (mean diameter: 41.55 microns) with white-type mitochondria were observed, and these cells were PROTEIN2 positive",no
IEPA.d34.s84_123,"In obese (db/db) animals, brown fat was composed mainly of small unilocular, PROTEIN1 positive adipocytes (mean diameter: 40.08 microns), which were also PROTEIN2 positive",no
IEPA.d34.s85_124,"In summary, classical brown adipocytes differ from white adipocytes, not only by their morphology and PROTEIN1 expression, but also by their apparent lack of detectable PROTEIN2 expression",no
IEPA.d36.s87_125,Wortmannin converts PROTEIN1 but not PROTEIN2 from an antilipolytic to a lipolytic agent in the presence of forskolin,no
IEPA.d36.s88_126,"The present studies compared the effects of PROTEIN1 in rat adipocytes with the effects of PROTEIN and peroxovanadate, which mimic some effects of PROTEIN2 ",no
IEPA.d36.s88_127,"The present studies compared the effects of PROTEIN1 in rat adipocytes with the effects of PROTEIN2 and peroxovanadate, which mimic some effects of PROTEIN ",no
IEPA.d36.s88_128,"The present studies compared the effects of PROTEIN in rat adipocytes with the effects of PROTEIN1 and peroxovanadate, which mimic some effects of PROTEIN2 ",no
IEPA.d36.s89_129,"The antilipolytic effects of peroxovanadate and PROTEIN1 were unaffected by 500 nmol/L wortmannin, which blocked the antilipolytic action of PROTEIN2 ",no
IEPA.d36.s90_130,The data provide additional support for the hypothesis that PROTEIN1 and peroxovanadate affect adipose tissue metabolism by mechanisms distinctly different from those involved in PROTEIN2 action,no
IEPA.d37.s91_131,"These findings support the concept that the mitochondrial metabolism of nutrient molecules is an event sufficient to acutely augment PROTEIN release from the beta cell, to increase PROTEIN1 mediated phosphoinositide hydrolysis, and to induce time-dependent potentiation of PROTEIN2 secretion",no
IEPA.d37.s91_132,"These findings support the concept that the mitochondrial metabolism of nutrient molecules is an event sufficient to acutely augment PROTEIN1 release from the beta cell, to increase PROTEIN2 mediated phosphoinositide hydrolysis, and to induce time-dependent potentiation of PROTEIN secretion",no
IEPA.d37.s91_133,"These findings support the concept that the mitochondrial metabolism of nutrient molecules is an event sufficient to acutely augment PROTEIN1 release from the beta cell, to increase PROTEIN mediated phosphoinositide hydrolysis, and to induce time-dependent potentiation of PROTEIN2 secretion",no
IEPA.d38.s92_134,"2) IGF-1, IGF-2, and PROTEIN1 also induced a Ca2+ mobilization from the endoplasmic reticulum: PROTEIN (PLC) inhibitors, neomycin, or U-73122 partially blocked the intracellular [Ca2+]i increase induced by IGF-1 and PROTEIN2 and totally inhibited the effect of IGF-2",no
IEPA.d38.s92_135,"2) IGF-1, IGF-2, and PROTEIN also induced a Ca2+ mobilization from the endoplasmic reticulum: PROTEIN1 (PLC) inhibitors, neomycin, or U-73122 partially blocked the intracellular [Ca2+]i increase induced by IGF-1 and PROTEIN2 and totally inhibited the effect of IGF-2",yes
IEPA.d38.s92_136,"2) IGF-1, IGF-2, and PROTEIN1 also induced a Ca2+ mobilization from the endoplasmic reticulum: PROTEIN2 (PLC) inhibitors, neomycin, or U-73122 partially blocked the intracellular [Ca2+]i increase induced by IGF-1 and PROTEIN and totally inhibited the effect of IGF-2",no
IEPA.d39.s93_137,Homogeneous liposome immunoassay for PROTEIN1 using PROTEIN2 from Clostridium perfringens,no
IEPA.d39.s94_138," PROTEIN1 was conjugated to PROTEIN2 by a three-step procedure with hetero-bifunctional crosslinking reagents, succinimidyl 4-(N-maleimidomethyl)cyclohexane-1-carboxylate and 3-(2-pyridyldithio)propionic acid N-hydroxysuccinimide ester",no
IEPA.d39.s95_139,Both p-nitrophenylphosphatidylcholine hydrolytic activity and liposome lytic activity of PROTEIN1 PROTEIN2 conjugate were inhibited in the presence of PROTEIN antiserum,no
IEPA.d39.s95_140,Both p-nitrophenylphosphatidylcholine hydrolytic activity and liposome lytic activity of PROTEIN PROTEIN1 conjugate were inhibited in the presence of PROTEIN2 antiserum,no
IEPA.d39.s95_141,Both p-nitrophenylphosphatidylcholine hydrolytic activity and liposome lytic activity of PROTEIN1 PROTEIN conjugate were inhibited in the presence of PROTEIN2 antiserum,no
IEPA.d40.s96_142,Roles of GTP and PROTEIN1 in the potentiation of Ca(2+)-induced PROTEIN2 secretion by glucose in rat pancreatic islets,no
IEPA.d40.s97_143,"There was a 98% greater augmentation of PROTEIN1 secretion by 16.7 mM glucose (in the presence of diazoxide and 40 mM K+) in primed islets; however, the ability of high glucose to augment PROTEIN2 activity bore no relationship to the secretory response",no
IEPA.d40.s98_144,"MPA markedly inhibited PROTEIN1 in both conditions; however, PROTEIN2 secretion was only inhibited (by 46%) in primed islets",no
IEPA.d40.s99_145,These data indicate that an adequate level of GTP is critical for glucose's potentiation of Ca(2+)-induced PROTEIN1 secretion in primed islets but that PROTEIN activation can clearly be dissociated from PROTEIN2 secretion and therefore cannot be the major cause of glucose's augmentation of Ca(2+)-induced PROTEIN secretion,no
IEPA.d40.s99_146,These data indicate that an adequate level of GTP is critical for glucose's potentiation of Ca(2+)-induced PROTEIN secretion in primed islets but that PROTEIN1 activation can clearly be dissociated from PROTEIN2 secretion and therefore cannot be the major cause of glucose's augmentation of Ca(2+)-induced PROTEIN secretion,no
IEPA.d40.s99_147,These data indicate that an adequate level of GTP is critical for glucose's potentiation of Ca(2+)-induced PROTEIN secretion in primed islets but that PROTEIN activation can clearly be dissociated from PROTEIN1 secretion and therefore cannot be the major cause of glucose's augmentation of Ca(2+)-induced PROTEIN2 secretion,no
IEPA.d40.s99_148,These data indicate that an adequate level of GTP is critical for glucose's potentiation of Ca(2+)-induced PROTEIN1 secretion in primed islets but that PROTEIN2 activation can clearly be dissociated from PROTEIN secretion and therefore cannot be the major cause of glucose's augmentation of Ca(2+)-induced PROTEIN secretion,no
IEPA.d40.s99_149,These data indicate that an adequate level of GTP is critical for glucose's potentiation of Ca(2+)-induced PROTEIN1 secretion in primed islets but that PROTEIN activation can clearly be dissociated from PROTEIN secretion and therefore cannot be the major cause of glucose's augmentation of Ca(2+)-induced PROTEIN2 secretion,no
IEPA.d40.s99_150,These data indicate that an adequate level of GTP is critical for glucose's potentiation of Ca(2+)-induced PROTEIN secretion in primed islets but that PROTEIN1 activation can clearly be dissociated from PROTEIN secretion and therefore cannot be the major cause of glucose's augmentation of Ca(2+)-induced PROTEIN2 secretion,no
IEPA.d41.s100_151,Regulation of PROTEIN1 secretion via ATP-sensitive K+ channel independent mechanisms: role of PROTEIN2 ,yes
IEPA.d41.s101_152,"The further addition of carbachol, an agonist that activates an isozyme of PROTEIN1 distinct from that activated by glucose, together with K+, 20 mM glucose, plus diazoxide resulted in a sustained amplification of PROTEIN2 secretion from mouse but not rat islets",yes
IEPA.d41.s102_153,"The inability to activate a nutrient- and calcium-regulated PROTEIN1 isozyme in mouse islets to the same extent as in rat islets appears to account, at least in part, for these different PROTEIN2 secretory responses under these unique conditions",yes
IEPA.d43.s108_154,Induction by PROTEIN1 of PROTEIN2 and enzymes of fatty acid oxidation,yes
IEPA.d43.s109_155,Here we show that PROTEIN1 alters in pancreatic islets the mRNA of the genes encoding enzymes of free fatty acid metabolism and PROTEIN2 (UCP-2),yes
IEPA.d43.s110_156," PROTEIN1 overexpression increased PROTEIN2 mRNA by more than 10-fold in epididymal, retroperitoneal, and subcutaneous fat tissue of normal, but not of leptin-receptor-defective obese rats",yes
IEPA.d43.s111_157,"By directly regulating the expression of enzymes of free fatty acid metabolism and of PROTEIN1 PROTEIN2 controls intracellular triglyceride content of certain nonadipocytes, as well as adipocytes",yes
IEPA.d44.s112_158,"Further, the PROTEIN1 induced activation of IK(sl) was effectively antagonized by 5 x 10(-8) mol/l U-73122 or 5 x 10(-6) mol/l 2-nitro-4-carboxyphenyl N,N-diphenylcarbamate (inhibitors of the cell membrane phospholipase C), as well as by intracellularly applied heparin (selective inhibitor of PROTEIN2 (IP3)-induced Ca2+ release channels)",no
IEPA.d44.s113_159,"The data obtained suggest (i) that selective PROTEIN1 receptors are present on the membranes of guinea-pig antral smooth muscle cells, (ii) that the oxytocin-related relaxation may result from the activation of Ca(2+)-sensitive K+ conductivity via activation of PROTEIN2 induced release of Ca2+ from the submembrane located cisternae of the sarcoplasmic reticulum Ca2+ stores and (iii) in turn, this evokes a non-inactivating component of IK, hyperpolarizing the cell membrane",no
IEPA.d45.s114_160,"Cellular preincubation with 200 microg/ml antibodies against the inositolphosphoglycan (IPG) moiety of the GPI-anchor (Ab(IPG)), or depletion in GPI-anchored proteins by cellular pretreatment with 0.5 U/ml PI- PROTEIN1 1 mM PROTEIN2 and 2 HU/ml streptolysin-O, or depletion in membrane cholesterol content by filipin (5 microg/ml), digitonin (5 microg/ml) and cholesterol oxidase (0.5 U/ml) decreases the HDL3-signal, suggesting the involvement of a lipolytic cleavage of GPI-anchored proteins",no
IEPA.d48.s123_161, PROTEIN1 increases PROTEIN2 expression and energy expenditure,yes
IEPA.d48.s124_162, PROTEIN1 increased BAT PROTEIN2 mRNA levels greater than twofold in both ad libitum-fed and food-restricted rats,yes
IEPA.d48.s125_163,"These data demonstrate a PROTEIN1 induced increase in energy expenditure in nonmutant rodents and suggest that one mechanism by which PROTEIN increases energy expenditure is through increased thermogenesis in BAT, including increased expression of PROTEIN2 ",no
IEPA.d48.s125_164,"These data demonstrate a PROTEIN1 induced increase in energy expenditure in nonmutant rodents and suggest that one mechanism by which PROTEIN2 increases energy expenditure is through increased thermogenesis in BAT, including increased expression of PROTEIN ",no
IEPA.d48.s125_165,"These data demonstrate a PROTEIN induced increase in energy expenditure in nonmutant rodents and suggest that one mechanism by which PROTEIN1 increases energy expenditure is through increased thermogenesis in BAT, including increased expression of PROTEIN2 ",yes
IEPA.d52.s135_166," PROTEIN1 is a mediator of thermogenesis regulated by thyroid hormone, beta3-adrenergic agonists, and PROTEIN2 ",yes
IEPA.d52.s136_167," PROTEIN1 mRNA levels were also regulated by dexamethasone, PROTEIN2 and starvation, albeit differently in muscle and brown adipose tissue",yes
IEPA.d54.s138_168,"This effect is maximal at 10(-8) M PROTEIN (a concentration clearly above the normal physiological range of PROTEIN1 concentrations) and involves the V2 receptor pathway, while activation of PROTEIN2 or changes in intracellular calcium are ineffective",no
IEPA.d54.s138_169,"This effect is maximal at 10(-8) M PROTEIN1 (a concentration clearly above the normal physiological range of PROTEIN2 concentrations) and involves the V2 receptor pathway, while activation of PROTEIN or changes in intracellular calcium are ineffective",no
IEPA.d54.s138_170,"This effect is maximal at 10(-8) M PROTEIN1 (a concentration clearly above the normal physiological range of PROTEIN concentrations) and involves the V2 receptor pathway, while activation of PROTEIN2 or changes in intracellular calcium are ineffective",no
IEPA.d55.s139_171,"After PROTEIN1 activity was functionally depleted by treating cells with phorbol 12-myristate 13-acetate for 24 hours, PROTEIN2 did not augment IL-1beta-induced NO production",no
IEPA.d55.s140_172,The effect of PROTEIN1 was also inhibited in the presence of the PROTEIN2 inhibitor calphostin C,yes
IEPA.d55.s141_173,"The addition of PROTEIN1 increased PROTEIN2 activity in cardiac myocytes, and its effect was significantly inhibited in the presence of calphostin C",yes
IEPA.d55.s142_174,"These results support the hypothesis that the heart may be a target organ for PROTEIN and that PROTEIN1 modulates IL-1beta-induced iNOS expression in myocytes through the V1a receptor, which is mediated at least partially via activation of PROTEIN2 ",yes
IEPA.d55.s142_175,"These results support the hypothesis that the heart may be a target organ for PROTEIN1 and that PROTEIN2 modulates IL-1beta-induced iNOS expression in myocytes through the V1a receptor, which is mediated at least partially via activation of PROTEIN ",no
IEPA.d55.s142_176,"These results support the hypothesis that the heart may be a target organ for PROTEIN1 and that PROTEIN modulates IL-1beta-induced iNOS expression in myocytes through the V1a receptor, which is mediated at least partially via activation of PROTEIN2 ",no
IEPA.d57.s146_177,Activation of EGFR overexpressing 3T3-L1 adipocytes leads to a 3.4 +/- 1.2-fold stimulation of PROTEIN1 activity over basal levels vs. only 1.06 +/- 0.01-fold stimulation by PROTEIN2 ,yes
IEPA.d57.s147_178,"Despite the low levels of PROTEIN1 induced PROTEIN2 activity, PROTEIN stimulated glucose transport activity was similarly inhibited by U73122 (55.9 +/- 13.1% inhibition)",yes
IEPA.d57.s147_179,"Despite the low levels of PROTEIN1 induced PROTEIN activity, PROTEIN2 stimulated glucose transport activity was similarly inhibited by U73122 (55.9 +/- 13.1% inhibition)",no
IEPA.d57.s147_180,"Despite the low levels of PROTEIN induced PROTEIN1 activity, PROTEIN2 stimulated glucose transport activity was similarly inhibited by U73122 (55.9 +/- 13.1% inhibition)",no
IEPA.d57.s148_181,"Inhibition of PROTEIN1 activation did not impair either EGF- or PROTEIN2 induced activation of glycogen synthase or incorporation of glucose into lipid, supporting the hypothesis that both EGF- and PROTEIN induced glucose disposal can be independent of GLUT4-mediated glucose transport.",no
IEPA.d57.s148_182,"Inhibition of PROTEIN1 activation did not impair either EGF- or PROTEIN induced activation of glycogen synthase or incorporation of glucose into lipid, supporting the hypothesis that both EGF- and PROTEIN2 induced glucose disposal can be independent of GLUT4-mediated glucose transport.",no
IEPA.d57.s148_183,"Inhibition of PROTEIN activation did not impair either EGF- or PROTEIN1 induced activation of glycogen synthase or incorporation of glucose into lipid, supporting the hypothesis that both EGF- and PROTEIN2 induced glucose disposal can be independent of GLUT4-mediated glucose transport.",no
IEPA.d57.s149_184,The diminution of glucose transport secondary to inhibition of PROTEIN1 activity was reflected by a decrease in GLUT4 translocation to the plasma membrane upon either EGF or PROTEIN2 stimulation,no
IEPA.d58.s150_185,We have recently shown that PROTEIN1 causes a PROTEIN2 (PKC)-dependent increase in ACTH release and biosynthesis in ovine anterior pituitary cells,yes
IEPA.d58.s151_186,"In these cells, PROTEIN also causes the translocation of PROTEIN1 from the cytosol to the cell membrane which is maximal at 5 min, but the intracellular events distal to PROTEIN2 activation that underlie ACTH secretion have not been well characterized to date",no
IEPA.d58.s151_187,"In these cells, PROTEIN1 also causes the translocation of PROTEIN from the cytosol to the cell membrane which is maximal at 5 min, but the intracellular events distal to PROTEIN2 activation that underlie ACTH secretion have not been well characterized to date",no
IEPA.d58.s151_188,"In these cells, PROTEIN1 also causes the translocation of PROTEIN2 from the cytosol to the cell membrane which is maximal at 5 min, but the intracellular events distal to PROTEIN activation that underlie ACTH secretion have not been well characterized to date",yes
IEPA.d58.s152_189,"Since the MARCKS protein has been implicated in neurosecretion and is phosphorylated by PROTEIN in synaptosomes, studies were carried out to determine whether PROTEIN1 might cause MARCKS phosphorylation in the ovine anterior pituitary, and to determine whether this phenomenon might be temporally correlated with PROTEIN2 translocation and the release of ACTH",no
IEPA.d58.s152_190,"Since the MARCKS protein has been implicated in neurosecretion and is phosphorylated by PROTEIN1 in synaptosomes, studies were carried out to determine whether PROTEIN might cause MARCKS phosphorylation in the ovine anterior pituitary, and to determine whether this phenomenon might be temporally correlated with PROTEIN2 translocation and the release of ACTH",no
IEPA.d58.s152_191,"Since the MARCKS protein has been implicated in neurosecretion and is phosphorylated by PROTEIN1 in synaptosomes, studies were carried out to determine whether PROTEIN2 might cause MARCKS phosphorylation in the ovine anterior pituitary, and to determine whether this phenomenon might be temporally correlated with PROTEIN translocation and the release of ACTH",no
IEPA.d58.s153_192,"We conclude that: (1) PROTEIN causes a rapid, and reversible, phosphorylation of the MARCKS protein in the ovine anterior pituitary; (2) since the PROTEIN1 induced increase in MARCKS phosphorylation occurs much earlier in these cells than does PROTEIN trans-location, MARCKS phosphorylation may provide a more sensitive index of the onset of PROTEIN2 activation than the translocation assay; (3) the close temporal association between MARCKS phosphorylation and the rapid early release of ACTH suggests that MARCKS phosphorylation may be involved in the initial intracellular events that underly exocytosis of the hormone.",no
IEPA.d58.s153_193,"We conclude that: (1) PROTEIN1 causes a rapid, and reversible, phosphorylation of the MARCKS protein in the ovine anterior pituitary; (2) since the PROTEIN induced increase in MARCKS phosphorylation occurs much earlier in these cells than does PROTEIN trans-location, MARCKS phosphorylation may provide a more sensitive index of the onset of PROTEIN2 activation than the translocation assay; (3) the close temporal association between MARCKS phosphorylation and the rapid early release of ACTH suggests that MARCKS phosphorylation may be involved in the initial intracellular events that underly exocytosis of the hormone.",no
IEPA.d58.s153_194,"We conclude that: (1) PROTEIN causes a rapid, and reversible, phosphorylation of the MARCKS protein in the ovine anterior pituitary; (2) since the PROTEIN induced increase in MARCKS phosphorylation occurs much earlier in these cells than does PROTEIN1 trans-location, MARCKS phosphorylation may provide a more sensitive index of the onset of PROTEIN2 activation than the translocation assay; (3) the close temporal association between MARCKS phosphorylation and the rapid early release of ACTH suggests that MARCKS phosphorylation may be involved in the initial intracellular events that underly exocytosis of the hormone.",no
IEPA.d58.s153_195,"We conclude that: (1) PROTEIN1 causes a rapid, and reversible, phosphorylation of the MARCKS protein in the ovine anterior pituitary; (2) since the PROTEIN2 induced increase in MARCKS phosphorylation occurs much earlier in these cells than does PROTEIN trans-location, MARCKS phosphorylation may provide a more sensitive index of the onset of PROTEIN activation than the translocation assay; (3) the close temporal association between MARCKS phosphorylation and the rapid early release of ACTH suggests that MARCKS phosphorylation may be involved in the initial intracellular events that underly exocytosis of the hormone.",no
IEPA.d58.s153_196,"We conclude that: (1) PROTEIN causes a rapid, and reversible, phosphorylation of the MARCKS protein in the ovine anterior pituitary; (2) since the PROTEIN1 induced increase in MARCKS phosphorylation occurs much earlier in these cells than does PROTEIN2 trans-location, MARCKS phosphorylation may provide a more sensitive index of the onset of PROTEIN activation than the translocation assay; (3) the close temporal association between MARCKS phosphorylation and the rapid early release of ACTH suggests that MARCKS phosphorylation may be involved in the initial intracellular events that underly exocytosis of the hormone.",no
IEPA.d58.s153_197,"We conclude that: (1) PROTEIN1 causes a rapid, and reversible, phosphorylation of the MARCKS protein in the ovine anterior pituitary; (2) since the PROTEIN induced increase in MARCKS phosphorylation occurs much earlier in these cells than does PROTEIN2 trans-location, MARCKS phosphorylation may provide a more sensitive index of the onset of PROTEIN activation than the translocation assay; (3) the close temporal association between MARCKS phosphorylation and the rapid early release of ACTH suggests that MARCKS phosphorylation may be involved in the initial intracellular events that underly exocytosis of the hormone.",no
IEPA.d60.s155_198,"The activity of the MAPKs, induced by PROTEIN1 or PMA was inhibited by downregulation of PROTEIN2 (PKC), by the tyrosine kinase inhibitor genistein and by MAPK kinase (MEK) inhibitor, PD98059",yes
IEPA.d60.s156_199,"We suggest that PROTEIN1 activates the 42/44kDa MAPKs through a signal transduction pathway that involves stimulation of AVP-V1 receptor, tyrosine kinase, PROTEIN2 and MEK",yes
IEPA.d61.s157_200,Secreted form of PROTEIN1 precursor protein activates protein kinase C and PROTEIN2 in cultured embryonic rat neocortical cells,yes
IEPA.d61.s158_201,"Furthermore, we demonstrate that tyrosine phosphorylation of PROTEIN1 and formation of inositol 1,4,5-trisphosphate were increased by PROTEIN2 stimulation",yes
IEPA.d62.s159_202," PROTEIN1 treated male rats had increased circulating levels of cholecystokinin, a tendency to increased plasma levels of PROTEIN2 (p = 0.066), and relatively more adipose tissue in the thigh and interscapular region, compared with controls",yes
IEPA.d63.s160_203,"However, in brown fat, we observed a 2-3-fold increase in the expression of PROTEIN1 in response to dietary fat challenge, which may be related to diet-induced elevations in plasma PROTEIN2 levels",yes
IEPA.d65.s163_204, PROTEIN1 induced activation of PROTEIN2 in renal epithelial cells,yes
IEPA.d65.s164_205," PROTEIN1 induced a biphasic increase in diacylglycerol generation, characterized by an initial rapid rise and then a sustained elevation, and PROTEIN2 activation, reflected by phosphorylation of a specific 80 kDa myristoylated alanine-rich PKC substrate (MARCKS)",yes
IEPA.d65.s165_206,"These results argue that Ca(2+)-dependent PROTEIN1 is involved in the action of PROTEIN2 and that of other agonists, which stimulate sodium transport",yes
IEPA.d66.s166_207,"However, the PROTEIN1 dependent stimulation required activation of PROTEIN2 (PKC), whereas the inhibition was PROTEIN independent, indicating that the NGF-induced signaling pathways leading to inhibition and stimulation of HCO3- absorption are distinct",yes
IEPA.d66.s166_208,"However, the PROTEIN1 dependent stimulation required activation of PROTEIN (PKC), whereas the inhibition was PROTEIN2 independent, indicating that the NGF-induced signaling pathways leading to inhibition and stimulation of HCO3- absorption are distinct",no
IEPA.d66.s166_209,"However, the PROTEIN dependent stimulation required activation of PROTEIN1 (PKC), whereas the inhibition was PROTEIN2 independent, indicating that the NGF-induced signaling pathways leading to inhibition and stimulation of HCO3- absorption are distinct",no
IEPA.d67.s167_210,Association of the insulin receptor with PROTEIN1 (PLCgamma) in 3T3-L1 adipocytes suggests a role for PROTEIN2 in metabolic signaling by PROTEIN ,no
IEPA.d67.s167_211,Association of the insulin receptor with PROTEIN (PLCgamma) in 3T3-L1 adipocytes suggests a role for PROTEIN1 in metabolic signaling by PROTEIN2 ,yes
IEPA.d67.s167_212,Association of the insulin receptor with PROTEIN1 (PLCgamma) in 3T3-L1 adipocytes suggests a role for PROTEIN in metabolic signaling by PROTEIN2 ,no
IEPA.d67.s168_213,"To determine the functional significance of the interaction of PROTEIN and the IR, we used a specific inhibitor of PROTEIN U73122, or microinjection of SH2 domain glutathione S-transferase fusion proteins derived from PROTEIN1 to block PROTEIN2 stimulated GLUT4 translocation",no
IEPA.d67.s168_214,"To determine the functional significance of the interaction of PROTEIN1 and the IR, we used a specific inhibitor of PROTEIN U73122, or microinjection of SH2 domain glutathione S-transferase fusion proteins derived from PROTEIN2 to block PROTEIN stimulated GLUT4 translocation",no
IEPA.d67.s168_215,"To determine the functional significance of the interaction of PROTEIN and the IR, we used a specific inhibitor of PROTEIN1 U73122, or microinjection of SH2 domain glutathione S-transferase fusion proteins derived from PROTEIN2 to block PROTEIN stimulated GLUT4 translocation",no
IEPA.d67.s168_216,"To determine the functional significance of the interaction of PROTEIN1 and the IR, we used a specific inhibitor of PROTEIN U73122, or microinjection of SH2 domain glutathione S-transferase fusion proteins derived from PROTEIN to block PROTEIN2 stimulated GLUT4 translocation",no
IEPA.d67.s168_217,"To determine the functional significance of the interaction of PROTEIN and the IR, we used a specific inhibitor of PROTEIN1 U73122, or microinjection of SH2 domain glutathione S-transferase fusion proteins derived from PROTEIN to block PROTEIN2 stimulated GLUT4 translocation",no
IEPA.d67.s168_218,"To determine the functional significance of the interaction of PROTEIN1 and the IR, we used a specific inhibitor of PROTEIN2 U73122, or microinjection of SH2 domain glutathione S-transferase fusion proteins derived from PROTEIN to block PROTEIN stimulated GLUT4 translocation",no
IEPA.d70.s171_219,Inhibition of 5-HT3 serotonergic receptors with ondansetron (4 or 8 mg) did not modify the basal secretion of AVP and PROTEIN1 and the PROTEIN response to PROTEIN2 induced hypoglycemia,no
IEPA.d70.s171_220,Inhibition of 5-HT3 serotonergic receptors with ondansetron (4 or 8 mg) did not modify the basal secretion of AVP and PROTEIN and the PROTEIN1 response to PROTEIN2 induced hypoglycemia,yes
IEPA.d70.s171_221,Inhibition of 5-HT3 serotonergic receptors with ondansetron (4 or 8 mg) did not modify the basal secretion of AVP and PROTEIN1 and the PROTEIN2 response to PROTEIN induced hypoglycemia,no
IEPA.d71.s172_222,HvSPY coexpression largely abolished PROTEIN1 induced activity of an PROTEIN2 promoter.,yes
IEPA.d72.s173_223,"Treatment with (+)-trifluoro-ABA strongly inhibited the PROTEIN1 inducible expression of PROTEIN2 I-1 encoded by RAmy1A in the aleurone layers of embryoless half-seeds at the levels of transcription, protein synthesis, and enzyme activity",yes
IEPA.d73.s174_224,"Furthermore, treatment of isolated rat diaphragms and adipocytes with PIG-P as well as with other agents exerting partially PROTEIN1 mimetic activity, such as PI-specific PROTEIN2 (PLC) and the sulfonylurea glimepiride, triggered tyrosine phosphorylation of the caveolar marker protein caveolin, which was apparently correlated with stimulation of lipogenesis",no
IEPA.d73.s175_225,"Strikingly, in adipocytes subjected to combined trypsin/salt treatment, PIG-P, PI-specific PROTEIN1 and glimepiride failed completely to provoke PROTEIN2 mimetic effects",no
IEPA.d74.s176_226,Chronic central PROTEIN1 infusion enhances insulin-stimulated glucose metabolism and favors the expression of PROTEIN2 ,yes
IEPA.d74.s177_227,"In marked contrast, intracerebroventricular PROTEIN1 administration was accompanied by the maintenance of high PROTEIN PROTEIN2 and PROTEIN expression in all these tissues",yes
IEPA.d74.s177_228,"In marked contrast, intracerebroventricular PROTEIN administration was accompanied by the maintenance of high PROTEIN PROTEIN1 and PROTEIN2 expression in all these tissues",no
IEPA.d74.s177_229,"In marked contrast, intracerebroventricular PROTEIN administration was accompanied by the maintenance of high PROTEIN1 PROTEIN2 and PROTEIN expression in all these tissues",no
IEPA.d74.s177_230,"In marked contrast, intracerebroventricular PROTEIN1 administration was accompanied by the maintenance of high PROTEIN PROTEIN and PROTEIN2 expression in all these tissues",yes
IEPA.d74.s177_231,"In marked contrast, intracerebroventricular PROTEIN1 administration was accompanied by the maintenance of high PROTEIN2 PROTEIN and PROTEIN expression in all these tissues",yes
IEPA.d74.s177_232,"In marked contrast, intracerebroventricular PROTEIN administration was accompanied by the maintenance of high PROTEIN1 PROTEIN and PROTEIN2 expression in all these tissues",no
IEPA.d74.s178_233,"While PROTEIN1 maintains or favors energy-dissipating mechanisms ( PROTEIN2 PROTEIN and PROTEIN , the latter are markedly depressed in pair-fed rats",yes
IEPA.d74.s178_234,"While PROTEIN maintains or favors energy-dissipating mechanisms ( PROTEIN1 PROTEIN and PROTEIN2 , the latter are markedly depressed in pair-fed rats",no
IEPA.d74.s178_235,"While PROTEIN maintains or favors energy-dissipating mechanisms ( PROTEIN1 PROTEIN2 and PROTEIN , the latter are markedly depressed in pair-fed rats",no
IEPA.d74.s178_236,"While PROTEIN1 maintains or favors energy-dissipating mechanisms ( PROTEIN PROTEIN and PROTEIN2 , the latter are markedly depressed in pair-fed rats",yes
IEPA.d74.s178_237,"While PROTEIN1 maintains or favors energy-dissipating mechanisms ( PROTEIN PROTEIN2 and PROTEIN , the latter are markedly depressed in pair-fed rats",yes
IEPA.d74.s178_238,"While PROTEIN maintains or favors energy-dissipating mechanisms ( PROTEIN PROTEIN1 and PROTEIN2 , the latter are markedly depressed in pair-fed rats",no
IEPA.d76.s182_239,"Melatonin inhibits PROTEIN1 response to PROTEIN2 induced hypoglycemia, but not to angiotensin II in normal men",yes
IEPA.d76.s183_240,"In order to establish whether melatonin alters basal and/or stimulated PROTEIN1 secretion, 18 normal men were treated (p.o.) with 6 or 12 mg melatonin or placebo in basal conditions (N-6 subjects) or concomitantly to the administration of PROTEIN2 (O.15 IU/kg body weight in an i.v. bolus) (N-6 subjects) or angiotensin II (increasing doses of 4, 8 and 16 ng/kg/min, at intervals of 20 min)",no
IEPA.d76.s184_241,"In contrast, the PROTEIN1 response to PROTEIN2 induced hypoglycemia was significantly reduced by melatonin treatment",yes
IEPA.d77.s185_242,"Although osmotic stimuli cause an increase in nitric oxide synthase (NOS) activity as well as synthesis of AVP and PROTEIN1 in the paraventricular (PVN) and supraoptic nuclei (SON), it is not known whether NOS activity in the hypothalamus changes in the diabetic patients who have plasma hyperosmolality with hyperglycaemia caused by PROTEIN2 deficiency",no
IEPA.d77.s186_243,"Three weeks after administration of STZ, the diabetic rats were subcutaneously treated with PROTEIN1 for 1 week, which resulted in significant suppression of the induction of nNOS, AVP and PROTEIN2 gene expression in the PVN and SON",yes
IEPA.d79.s189_244, PROTEIN1 evokes the release of Ca2+ from PROTEIN2 sensitive intracellular stores,no
IEPA.d80.s190_245,"To explore the possible roles of the hypothalamic melanocortin system in PROTEIN1 action, we examined the effects of intracerebroventricular (i.c.v.) injection of PROTEIN with or without SHU9119, a potent antagonist of alpha-melanocyte stimulating hormone, on food intake, body weight, and mitochondrial PROTEIN2 (UCP-1) mRNA expression in the brown adipose tissue (BAT) in rats",no
IEPA.d80.s190_246,"To explore the possible roles of the hypothalamic melanocortin system in PROTEIN1 action, we examined the effects of intracerebroventricular (i.c.v.) injection of PROTEIN2 with or without SHU9119, a potent antagonist of alpha-melanocyte stimulating hormone, on food intake, body weight, and mitochondrial PROTEIN (UCP-1) mRNA expression in the brown adipose tissue (BAT) in rats",no
IEPA.d80.s190_247,"To explore the possible roles of the hypothalamic melanocortin system in PROTEIN action, we examined the effects of intracerebroventricular (i.c.v.) injection of PROTEIN1 with or without SHU9119, a potent antagonist of alpha-melanocyte stimulating hormone, on food intake, body weight, and mitochondrial PROTEIN2 (UCP-1) mRNA expression in the brown adipose tissue (BAT) in rats",no
IEPA.d80.s191_248,"A single i.c.v. injection of PROTEIN1 decreased cumulative food intake and body weight gain, and increased PROTEIN2 mRNA expression during 3 h at the onset of the dark phase",yes
IEPA.d80.s192_249,Co-injection of SHU9119 also inhibited completely the PROTEIN1 induced increase in PROTEIN2 mRNA expression in the BAT,yes
IEPA.d81.s193_250,"It has been established that PROTEIN1 beta peptide (AbetaP) activates phospholipase A2, PROTEIN2 and phospholipase D of LA-N-2 cells and other cell types",yes
IEPA.d81.s194_251,(-)Nicotine did not blunt the PROTEIN1 activation of PROTEIN2 ,yes
IEPA.d82.s195_252,Neural site of PROTEIN1 influence on neuropeptide Y signaling pathways altering feeding and PROTEIN2 ,yes
IEPA.d82.s196_253,"NPY in the PVN increases feeding and decreases PROTEIN1 (UCP) activity in brown fat, whereas PROTEIN2 decreases NPY biosynthesis in the Arc, which presumably decreases PVN NPY",no
IEPA.d82.s197_254,"Next, we determined that PROTEIN1 decreases NPY and increases PROTEIN2 gene expression",yes
IEPA.d83.s198_255,"Furthermore, immunocytochemical studies showed the PROTEIN1 induced neuronal MAC expression on the SH-SY5Y cells after CD59 was removed by PROTEIN2 or blocked by anti-CD59 antibody",no
IEPA.d84.s199_256,Effect of residual endogenous PROTEIN1 secretion on the abnormal PROTEIN response to hypoglycaemia in PROTEIN2 dependent diabetics,no
IEPA.d84.s199_257,Effect of residual endogenous PROTEIN1 secretion on the abnormal PROTEIN2 response to hypoglycaemia in PROTEIN dependent diabetics,yes
IEPA.d84.s199_258,Effect of residual endogenous PROTEIN secretion on the abnormal PROTEIN1 response to hypoglycaemia in PROTEIN2 dependent diabetics,no
IEPA.d84.s200_259,"Since previous studies showed that AVP secretion is influenced by the persistence of residual endogenous PROTEIN1 secretion, we wondered whether this factor also regulates PROTEIN2 secretion",yes
IEPA.d84.s201_260,DESIGN: Case-control study: the PROTEIN response to PROTEIN1 induced hypoglycaemia was measured in normal and diabetic patients with or without residual endogenous PROTEIN2 secretion,no
IEPA.d84.s201_261,DESIGN: Case-control study: the PROTEIN1 response to PROTEIN induced hypoglycaemia was measured in normal and diabetic patients with or without residual endogenous PROTEIN2 secretion,no
IEPA.d84.s201_262,DESIGN: Case-control study: the PROTEIN1 response to PROTEIN2 induced hypoglycaemia was measured in normal and diabetic patients with or without residual endogenous PROTEIN secretion,yes
IEPA.d84.s202_263,"Blood samples for PROTEIN1 assay were taken just before the rapid injection of PROTEIN2 (time 0) and at time 15, 30, 45 and 60 min",no
IEPA.d84.s203_264,CONCLUSIONS: These data indicate that a residual endogenous PROTEIN1 secretion exerts a partial protective action against the hypothalamic-pituitary disorder affecting the PROTEIN2 secretory system in IDDM,yes
IEPA.d85.s204_265,A barley gene encoding a novel DNA-binding protein (HRT) was identified by southwestern screening with baits containing a PROTEIN1 phytohormone response element from an PROTEIN2 promoter,yes
IEPA.d86.s205_266,"These observations suggest that bradykinin, like PROTEIN1 activates phospholipase C which generates PROTEIN2 with a subsequent release of Ca2+ from intracellular stores followed by store-operated Ca2+ influx",yes
IEPA.d87.s206_267,These findings led us to conclude that inositol trisphosphate [corrected] causes Ca2+ mobilization by muscarinic activation of PROTEIN1 leading to intracellular translocation of PROTEIN2 granules to the ready-releasable pool in pancreatic beta-cells via Ca2+/calmodulin-dependent phosphorylation of myosin light chains,yes
IEPA.d88.s207_268,"To elucidate the pathophysiologic significance of PROTEIN and PROTEIN in the effect of TZDs on glucose metabolism and energy expenditure, we examined their basal mRNA levels in the WAT, brown adipose tissue (BAT), and skeletal muscle from Wistar fatty rats, a rat model of NIDDM and obesity with PROTEIN receptor defect, and investigated expression of the genes encoding PROTEIN1 and PROTEIN2 in Wistar fatty rats and in Wistar lean rats with 2-week oral administration of 3 mg x kg(-1) x day(-1) pioglitazone, a TZD derivative",no
IEPA.d88.s207_269,"To elucidate the pathophysiologic significance of PROTEIN1 and PROTEIN in the effect of TZDs on glucose metabolism and energy expenditure, we examined their basal mRNA levels in the WAT, brown adipose tissue (BAT), and skeletal muscle from Wistar fatty rats, a rat model of NIDDM and obesity with PROTEIN receptor defect, and investigated expression of the genes encoding PROTEIN2 and PROTEIN in Wistar fatty rats and in Wistar lean rats with 2-week oral administration of 3 mg x kg(-1) x day(-1) pioglitazone, a TZD derivative",no
IEPA.d88.s207_270,"To elucidate the pathophysiologic significance of PROTEIN and PROTEIN in the effect of TZDs on glucose metabolism and energy expenditure, we examined their basal mRNA levels in the WAT, brown adipose tissue (BAT), and skeletal muscle from Wistar fatty rats, a rat model of NIDDM and obesity with PROTEIN1 receptor defect, and investigated expression of the genes encoding PROTEIN2 and PROTEIN in Wistar fatty rats and in Wistar lean rats with 2-week oral administration of 3 mg x kg(-1) x day(-1) pioglitazone, a TZD derivative",no
IEPA.d88.s207_271,"To elucidate the pathophysiologic significance of PROTEIN and PROTEIN1 in the effect of TZDs on glucose metabolism and energy expenditure, we examined their basal mRNA levels in the WAT, brown adipose tissue (BAT), and skeletal muscle from Wistar fatty rats, a rat model of NIDDM and obesity with PROTEIN receptor defect, and investigated expression of the genes encoding PROTEIN2 and PROTEIN in Wistar fatty rats and in Wistar lean rats with 2-week oral administration of 3 mg x kg(-1) x day(-1) pioglitazone, a TZD derivative",no
IEPA.d88.s207_272,"To elucidate the pathophysiologic significance of PROTEIN1 and PROTEIN in the effect of TZDs on glucose metabolism and energy expenditure, we examined their basal mRNA levels in the WAT, brown adipose tissue (BAT), and skeletal muscle from Wistar fatty rats, a rat model of NIDDM and obesity with PROTEIN receptor defect, and investigated expression of the genes encoding PROTEIN and PROTEIN2 in Wistar fatty rats and in Wistar lean rats with 2-week oral administration of 3 mg x kg(-1) x day(-1) pioglitazone, a TZD derivative",no
IEPA.d88.s207_273,"To elucidate the pathophysiologic significance of PROTEIN and PROTEIN in the effect of TZDs on glucose metabolism and energy expenditure, we examined their basal mRNA levels in the WAT, brown adipose tissue (BAT), and skeletal muscle from Wistar fatty rats, a rat model of NIDDM and obesity with PROTEIN1 receptor defect, and investigated expression of the genes encoding PROTEIN and PROTEIN2 in Wistar fatty rats and in Wistar lean rats with 2-week oral administration of 3 mg x kg(-1) x day(-1) pioglitazone, a TZD derivative",no
IEPA.d88.s207_274,"To elucidate the pathophysiologic significance of PROTEIN and PROTEIN1 in the effect of TZDs on glucose metabolism and energy expenditure, we examined their basal mRNA levels in the WAT, brown adipose tissue (BAT), and skeletal muscle from Wistar fatty rats, a rat model of NIDDM and obesity with PROTEIN receptor defect, and investigated expression of the genes encoding PROTEIN and PROTEIN2 in Wistar fatty rats and in Wistar lean rats with 2-week oral administration of 3 mg x kg(-1) x day(-1) pioglitazone, a TZD derivative",no
IEPA.d88.s207_275,"To elucidate the pathophysiologic significance of PROTEIN1 and PROTEIN in the effect of TZDs on glucose metabolism and energy expenditure, we examined their basal mRNA levels in the WAT, brown adipose tissue (BAT), and skeletal muscle from Wistar fatty rats, a rat model of NIDDM and obesity with PROTEIN2 receptor defect, and investigated expression of the genes encoding PROTEIN and PROTEIN in Wistar fatty rats and in Wistar lean rats with 2-week oral administration of 3 mg x kg(-1) x day(-1) pioglitazone, a TZD derivative",no
IEPA.d88.s207_276,"To elucidate the pathophysiologic significance of PROTEIN1 and PROTEIN2 in the effect of TZDs on glucose metabolism and energy expenditure, we examined their basal mRNA levels in the WAT, brown adipose tissue (BAT), and skeletal muscle from Wistar fatty rats, a rat model of NIDDM and obesity with PROTEIN receptor defect, and investigated expression of the genes encoding PROTEIN and PROTEIN in Wistar fatty rats and in Wistar lean rats with 2-week oral administration of 3 mg x kg(-1) x day(-1) pioglitazone, a TZD derivative",no
IEPA.d88.s207_277,"To elucidate the pathophysiologic significance of PROTEIN and PROTEIN1 in the effect of TZDs on glucose metabolism and energy expenditure, we examined their basal mRNA levels in the WAT, brown adipose tissue (BAT), and skeletal muscle from Wistar fatty rats, a rat model of NIDDM and obesity with PROTEIN2 receptor defect, and investigated expression of the genes encoding PROTEIN and PROTEIN in Wistar fatty rats and in Wistar lean rats with 2-week oral administration of 3 mg x kg(-1) x day(-1) pioglitazone, a TZD derivative",no
IEPA.d88.s208_278,"These results clearly demonstrate that PROTEIN gene expression is upregulated by TZDs in the WAT and BAT in Wistar fatty rats, an obese model with PROTEIN1 receptor defect, and that adipose PROTEIN2 gene expression is increased in response to TZDs in vitro",no
IEPA.d88.s208_279,"These results clearly demonstrate that PROTEIN1 gene expression is upregulated by TZDs in the WAT and BAT in Wistar fatty rats, an obese model with PROTEIN2 receptor defect, and that adipose PROTEIN gene expression is increased in response to TZDs in vitro",no
IEPA.d88.s208_280,"These results clearly demonstrate that PROTEIN1 gene expression is upregulated by TZDs in the WAT and BAT in Wistar fatty rats, an obese model with PROTEIN receptor defect, and that adipose PROTEIN2 gene expression is increased in response to TZDs in vitro",no
IEPA.d89.s209_281, PROTEIN1 PROTEIN2 and PROTEIN gene expression: modulation by food restriction and PROTEIN ,no
IEPA.d89.s209_282, PROTEIN1 PROTEIN and PROTEIN gene expression: modulation by food restriction and PROTEIN2 ,yes
IEPA.d89.s209_283, PROTEIN1 PROTEIN and PROTEIN2 gene expression: modulation by food restriction and PROTEIN ,no
IEPA.d89.s209_284, PROTEIN PROTEIN1 and PROTEIN gene expression: modulation by food restriction and PROTEIN2 ,yes
IEPA.d89.s209_285, PROTEIN PROTEIN1 and PROTEIN2 gene expression: modulation by food restriction and PROTEIN ,no
IEPA.d89.s209_286, PROTEIN PROTEIN and PROTEIN1 gene expression: modulation by food restriction and PROTEIN2 ,no
IEPA.d89.s210_287,"To determine the effects of food restriction and PROTEIN1 administration on several transcripts involved in energy homeostasis, we examined PROTEIN2 PROTEIN (UCP) 1, 2 and 3, lipoprotein lipase (LPL), beta3-adrenergic receptors (beta3AR) and hormone-sensitive lipase (HSL) mRNA levels in brown adipose tissue (BAT) and epididymal (EWAT) and perirenal (PWAT) white adipose tissue in three groups of rats",no
IEPA.d89.s210_288,"To determine the effects of food restriction and PROTEIN1 administration on several transcripts involved in energy homeostasis, we examined PROTEIN PROTEIN2 (UCP) 1, 2 and 3, lipoprotein lipase (LPL), beta3-adrenergic receptors (beta3AR) and hormone-sensitive lipase (HSL) mRNA levels in brown adipose tissue (BAT) and epididymal (EWAT) and perirenal (PWAT) white adipose tissue in three groups of rats",no
IEPA.d89.s210_289,"To determine the effects of food restriction and PROTEIN administration on several transcripts involved in energy homeostasis, we examined PROTEIN1 PROTEIN2 (UCP) 1, 2 and 3, lipoprotein lipase (LPL), beta3-adrenergic receptors (beta3AR) and hormone-sensitive lipase (HSL) mRNA levels in brown adipose tissue (BAT) and epididymal (EWAT) and perirenal (PWAT) white adipose tissue in three groups of rats",no
IEPA.d89.s211_290," PROTEIN1 increased LPL mRNA by 80%, PROTEIN mRNA twofold, and PROTEIN mRNA levels by 62% in BAT, and increased PROTEIN2 mRNA levels twofold in EWAT",yes
IEPA.d89.s211_291," PROTEIN increased LPL mRNA by 80%, PROTEIN1 mRNA twofold, and PROTEIN mRNA levels by 62% in BAT, and increased PROTEIN2 mRNA levels twofold in EWAT",no
IEPA.d89.s211_292," PROTEIN increased LPL mRNA by 80%, PROTEIN mRNA twofold, and PROTEIN1 mRNA levels by 62% in BAT, and increased PROTEIN2 mRNA levels twofold in EWAT",no
IEPA.d89.s211_293," PROTEIN1 increased LPL mRNA by 80%, PROTEIN2 mRNA twofold, and PROTEIN mRNA levels by 62% in BAT, and increased PROTEIN mRNA levels twofold in EWAT",yes
IEPA.d89.s211_294," PROTEIN1 increased LPL mRNA by 80%, PROTEIN mRNA twofold, and PROTEIN2 mRNA levels by 62% in BAT, and increased PROTEIN mRNA levels twofold in EWAT",yes
IEPA.d89.s211_295," PROTEIN increased LPL mRNA by 80%, PROTEIN1 mRNA twofold, and PROTEIN2 mRNA levels by 62% in BAT, and increased PROTEIN mRNA levels twofold in EWAT",no
IEPA.d89.s212_296,"The present study indicates that PROTEIN increases the gene expression of PROTEIN in EWAT and that of PROTEIN1 PROTEIN2 and LPL in BAT, whereas reduced food consumption but not leptin, decreases LPL expression in WAT",no
IEPA.d89.s212_297,"The present study indicates that PROTEIN1 increases the gene expression of PROTEIN in EWAT and that of PROTEIN PROTEIN2 and LPL in BAT, whereas reduced food consumption but not leptin, decreases LPL expression in WAT",yes
IEPA.d89.s212_298,"The present study indicates that PROTEIN increases the gene expression of PROTEIN1 in EWAT and that of PROTEIN PROTEIN2 and LPL in BAT, whereas reduced food consumption but not leptin, decreases LPL expression in WAT",no
IEPA.d89.s212_299,"The present study indicates that PROTEIN1 increases the gene expression of PROTEIN in EWAT and that of PROTEIN2 PROTEIN and LPL in BAT, whereas reduced food consumption but not leptin, decreases LPL expression in WAT",yes
IEPA.d89.s212_300,"The present study indicates that PROTEIN increases the gene expression of PROTEIN1 in EWAT and that of PROTEIN2 PROTEIN and LPL in BAT, whereas reduced food consumption but not leptin, decreases LPL expression in WAT",no
IEPA.d89.s212_301,"The present study indicates that PROTEIN1 increases the gene expression of PROTEIN2 in EWAT and that of PROTEIN PROTEIN and LPL in BAT, whereas reduced food consumption but not leptin, decreases LPL expression in WAT",yes
IEPA.d90.s213_302,DNase1 footprints suggest the involvement of at least three types of transcription factors in the regulation of PROTEIN1 by PROTEIN2 ,yes
IEPA.d90.s214_303,The regulation of PROTEIN1 genes by PROTEIN2 therefore involves an interplay of at least three different types of transcription factor,yes
IEPA.d91.s215_304,Oxytocin-stimulated PROTEIN1 release in a clonal beta-cell line RINm5F: involvement of PROTEIN2 dependent and -independent pathways.,yes
IEPA.d91.s216_305,CONCLUSION: Oxy increases PROTEIN1 release through both PROTEIN2 and non-PLC mediated signal transduction mechanisms.,yes
IEPA.d91.s217_306,"In addition, U-73122 diminished the PROTEIN1 induced increase in intracellular concentration of PROTEIN2 (IP3)",yes
IEPA.d91.s218_307,"U-73122 at 8 mumol.L-1 totally abolished the PROTEIN induced increases in [Ca2+]i and PROTEIN1 however it reduced the PROTEIN2 induced increase in insulin release only by 36% and 63% in the monolayer and suspended cell preparations, respectively",no
IEPA.d91.s218_308,"U-73122 at 8 mumol.L-1 totally abolished the PROTEIN1 induced increases in [Ca2+]i and PROTEIN however it reduced the PROTEIN2 induced increase in insulin release only by 36% and 63% in the monolayer and suspended cell preparations, respectively",no
IEPA.d91.s218_309,"U-73122 at 8 mumol.L-1 totally abolished the PROTEIN1 induced increases in [Ca2+]i and PROTEIN2 however it reduced the PROTEIN induced increase in insulin release only by 36% and 63% in the monolayer and suspended cell preparations, respectively",yes
IEPA.d91.s219_310, PROTEIN1 stimulated PROTEIN2 release in a clonal beta-cell line RINm5F: involvement of phospholipase C-dependent and -independent pathways,yes
IEPA.d91.s220_311,AIM: To study the mechanisms underlying PROTEIN1 (Oxy)-induced PROTEIN2 release,yes
IEPA.d91.s221_312,RESULTS: PROTEIN1 increased PROTEIN2 release and [Ca2+]i in a concentration-dependent manner,yes
IEPA.d91.s222_313, PROTEIN1 induced PROTEIN2 release was not altered by pretreatment with pertussis toxin (PT),yes
IEPA.d91.s223_314,"U-73122 at 8 mumol.L-1 totally abolished the PROTEIN induced increases in [Ca2+]i and IP3; however it reduced the PROTEIN1 induced increase in PROTEIN2 release only by 36% and 63% in the monolayer and suspended cell preparations, respectively",yes
IEPA.d91.s223_315,"U-73122 at 8 mumol.L-1 totally abolished the PROTEIN1 induced increases in [Ca2+]i and IP3; however it reduced the PROTEIN induced increase in PROTEIN2 release only by 36% and 63% in the monolayer and suspended cell preparations, respectively",no
IEPA.d91.s223_316,"U-73122 at 8 mumol.L-1 totally abolished the PROTEIN1 induced increases in [Ca2+]i and IP3; however it reduced the PROTEIN2 induced increase in PROTEIN release only by 36% and 63% in the monolayer and suspended cell preparations, respectively",no
IEPA.d91.s224_317,CONCLUSION: PROTEIN1 increases PROTEIN2 release through both PLC and non-PLC mediated signal transduction mechanisms,yes
IEPA.d92.s225_318,"In isolated adipocytes, the loss of almost half the 18S RNA content over a 24-hour incubation was prevented in the presence of PROTEIN1 but not PROTEIN2 or epidermal growth factor (EGF)",no
IEPA.d93.s226_319,"Further investigation suggested that activation of PROTEIN1 (PKC), which is part of the PROTEIN2 induced intracellular signalling pathway, is necessary and sufficient for the generation of the synergistic response, although it is not obligatory for PROTEIN induced ACTH release",yes
IEPA.d93.s226_320,"Further investigation suggested that activation of PROTEIN (PKC), which is part of the PROTEIN1 induced intracellular signalling pathway, is necessary and sufficient for the generation of the synergistic response, although it is not obligatory for PROTEIN2 induced ACTH release",no
IEPA.d93.s226_321,"Further investigation suggested that activation of PROTEIN1 (PKC), which is part of the PROTEIN induced intracellular signalling pathway, is necessary and sufficient for the generation of the synergistic response, although it is not obligatory for PROTEIN2 induced ACTH release",no
IEPA.d94.s227_322," PROTEIN1 (OT) is more expressed in the TEC/TNC than vasopressin (VP); insulin-like growth factor 2 (IGF-2) thymic expression predominates over IGF-1, and much more over PROTEIN2 ",no
IEPA.d94.s228_323,"Thus, PROTEIN1 was proposed to be the self antigen of the neurohypophysial family, and IGF-2 the self antigen precursor of the PROTEIN2 family",no
IEPA.d96.s231_324,Downregulation of PROTEIN1 mRNA in white adipose tissue and PROTEIN mRNA in skeletal muscle during the early stages of PROTEIN2 treatment,yes
IEPA.d96.s231_325,Downregulation of PROTEIN1 mRNA in white adipose tissue and PROTEIN2 mRNA in skeletal muscle during the early stages of PROTEIN treatment,no
IEPA.d96.s231_326,Downregulation of PROTEIN mRNA in white adipose tissue and PROTEIN1 mRNA in skeletal muscle during the early stages of PROTEIN2 treatment,yes
IEPA.d96.s232_327, PROTEIN1 by intravenous or intracerebroventricular infusion for 5 h was associated with a decrease in PROTEIN2 mRNA in WAT (47-52%) and PROTEIN mRNA in SM (33-37%),yes
IEPA.d96.s232_328, PROTEIN by intravenous or intracerebroventricular infusion for 5 h was associated with a decrease in PROTEIN1 mRNA in WAT (47-52%) and PROTEIN2 mRNA in SM (33-37%),no
IEPA.d96.s232_329, PROTEIN1 by intravenous or intracerebroventricular infusion for 5 h was associated with a decrease in PROTEIN mRNA in WAT (47-52%) and PROTEIN2 mRNA in SM (33-37%),yes
IEPA.d96.s233_330,"Denervation suppressed mRNA levels for PROTEIN1 (49%), PROTEIN (36%), and COX-IV (59%) and eliminated the acute response to PROTEIN2 in SM",no
IEPA.d96.s233_331,"Denervation suppressed mRNA levels for PROTEIN1 (49%), PROTEIN2 (36%), and COX-IV (59%) and eliminated the acute response to PROTEIN in SM",no
IEPA.d96.s233_332,"Denervation suppressed mRNA levels for PROTEIN (49%), PROTEIN1 (36%), and COX-IV (59%) and eliminated the acute response to PROTEIN2 in SM",no
IEPA.d97.s234_333,"The specific PROTEIN1 (PKC) inhibitor chelerythrine (5 micrometers) inhibited PTH-, PROTEIN2 , PGE2-, and adenosine-stimulated Ca2+ reabsorption by 77%, 67%, 79%, and 100%, respectively",yes
IEPA.d97.s235_334,"CONCLUSION: PTH, PROTEIN1 PGE2, and adenosine stimulate Ca2+ reabsorption via a pathway that is independent of cAMP and that involves a phorbol ester-insensitive PROTEIN2 isotype",yes
IEPA.d98.s236_335,We observed that primary microglial cultures and the THP-1 monocytic cell line are stimulated by fibrillar beta-amyloid and PROTEIN1 peptides to activate identical PROTEIN2 dependent inflammatory signal transduction cascades,yes
IEPA.d99.s237_336,Enhanced phosphoinositide hydrolysis via overexpression of PROTEIN1 beta1 or delta1 inhibits stimulus-induced PROTEIN2 release in insulinoma MIN6 cells.,yes
IEPA.d99.s238_337,"To study the effects of enhanced phosphoinositide hydrolysis on PROTEIN1 secretion, phosphoinositide-specific PROTEIN (PLCbeta1) or PROTEIN2 was overexpressed in insulinoma MIN6 cells via adenoviral vectors.",no
IEPA.d99.s238_338,"To study the effects of enhanced phosphoinositide hydrolysis on PROTEIN secretion, phosphoinositide-specific PROTEIN1 (PLCbeta1) or PROTEIN2 was overexpressed in insulinoma MIN6 cells via adenoviral vectors.",no
IEPA.d99.s238_339,"To study the effects of enhanced phosphoinositide hydrolysis on PROTEIN1 secretion, phosphoinositide-specific PROTEIN2 (PLCbeta1) or PROTEIN was overexpressed in insulinoma MIN6 cells via adenoviral vectors.",no
IEPA.d100.s239_340,"If daily PROTEIN1 injections are repeated over a 5-day period, blood pressure is decreased by 10-20 mmHg, the withdrawal latency to heat stimuli is prolonged, cortisol levels are decreased and PROTEIN2 and cholecystokinin levels are increased",yes
IEPA.d104.s243_341,"In addition, abscisic acid-mediated inhibition of PROTEIN1 stimulated responses seems to depend on the activation of a phospholipase D during induction of PROTEIN2 in barley aleurone cells as well as on a putative acetyltransferase involved in elongation growth.",no
IEPA.d106.s245_342," PROTEIN1 (PKC) inhibitors reversed PROTEIN inhibition, whereas PROTEIN2 activator inhibited nitrite production",no
IEPA.d106.s245_343," PROTEIN1 (PKC) inhibitors reversed PROTEIN2 inhibition, whereas PROTEIN activator inhibited nitrite production",yes
IEPA.d106.s245_344," PROTEIN (PKC) inhibitors reversed PROTEIN1 inhibition, whereas PROTEIN2 activator inhibited nitrite production",no
IEPA.d106.s246_345,The inhibitory action of PROTEIN1 involves both the activation of PROTEIN2 and the transcription of iNOS mRNA in cultured rat GMC,yes
IEPA.d107.s247_346,Molecular characterization of catalytic-subunit cDNA sequences encoding protein phosphatases 1 and 2A and study of their roles in the PROTEIN1 dependent PROTEIN2 expression in rice,yes
IEPA.d107.s248_347,"To understand the molecular mechanism of PROTEIN1 dependent gene regulation, the effect of three phosphatase inhibitors on the germination of rice seeds and the expression of a target gene, the PROTEIN2 gene, Osamy-c, were measured",yes
IEPA.d107.s249_348,To further understand the possible role of protein phosphatases 1 and 2A in the PROTEIN1 dependent expression of PROTEIN2 we isolated cDNA clones encoding protein phosphatase 1 and protein phosphatase 2A from a rice aleurone cDNA library,yes
IEPA.d107.s250_349,"Taken together, our results suggest that protein phosphatases PP1 or PP2A are involved in the PROTEIN1 dependent expression of the rice PROTEIN2 gene, though the PP1 or/and PP2A enzymatic activities as well as mRNA levels do not increase upon GA3 treatment",yes
IEPA.d109.s256_350,Fasting and PROTEIN1 modulate adipose and muscle PROTEIN2 divergent effects between messenger ribonucleic acid and protein expression,yes
IEPA.d109.s257_351,"In this study, we examined the effects of fasting for 2 days and exogenous s.c. PROTEIN1 200 microg every 8 h for 2 days, on the regulation of PROTEIN2 (UCP) subtypes in brown adipose tissue (BAT) and gastrocnemius muscle",no
IEPA.d109.s258_352," PROTEIN1 compared with vehicle, did not alter BAT PROTEIN2 or PROTEIN mRNA or protein expression when administered to normal ad libitum fed rats",no
IEPA.d109.s258_353," PROTEIN compared with vehicle, did not alter BAT PROTEIN1 or PROTEIN2 mRNA or protein expression when administered to normal ad libitum fed rats",no
IEPA.d109.s258_354," PROTEIN1 compared with vehicle, did not alter BAT PROTEIN or PROTEIN2 mRNA or protein expression when administered to normal ad libitum fed rats",no
IEPA.d109.s259_355,"Fasting significantly decreased BAT PROTEIN1 and PROTEIN2 mRNA expression, to 31% and 30% of ad libitum fed controls, respectively, effects which were prevented by administration of PROTEIN to fasted rats",no
IEPA.d109.s259_356,"Fasting significantly decreased BAT PROTEIN1 and PROTEIN mRNA expression, to 31% and 30% of ad libitum fed controls, respectively, effects which were prevented by administration of PROTEIN2 to fasted rats",yes
IEPA.d109.s259_357,"Fasting significantly decreased BAT PROTEIN and PROTEIN1 mRNA expression, to 31% and 30% of ad libitum fed controls, respectively, effects which were prevented by administration of PROTEIN2 to fasted rats",yes
IEPA.d109.s260_358,"Fasting also significantly decreased BAT PROTEIN1 protein expression, to 67% of control; however, that effect was not prevented by PROTEIN2 treatment",no
IEPA.d109.s261_359,"Fasting, with or without PROTEIN1 administration, did not affect BAT PROTEIN mRNA; however, PROTEIN2 administration to ad libitum fed rats significantly increased BAT PROTEIN mRNA, to 138% of control",no
IEPA.d109.s261_360,"Fasting, with or without PROTEIN1 administration, did not affect BAT PROTEIN2 mRNA; however, PROTEIN administration to ad libitum fed rats significantly increased BAT PROTEIN mRNA, to 138% of control",no
IEPA.d109.s261_361,"Fasting, with or without PROTEIN1 administration, did not affect BAT PROTEIN mRNA; however, PROTEIN administration to ad libitum fed rats significantly increased BAT PROTEIN2 mRNA, to 138% of control",no
IEPA.d109.s261_362,"Fasting, with or without PROTEIN administration, did not affect BAT PROTEIN1 mRNA; however, PROTEIN2 administration to ad libitum fed rats significantly increased BAT PROTEIN mRNA, to 138% of control",no
IEPA.d109.s261_363,"Fasting, with or without PROTEIN administration, did not affect BAT PROTEIN mRNA; however, PROTEIN1 administration to ad libitum fed rats significantly increased BAT PROTEIN2 mRNA, to 138% of control",yes
IEPA.d109.s261_364,"Fasting, with or without PROTEIN administration, did not affect BAT PROTEIN1 mRNA; however, PROTEIN administration to ad libitum fed rats significantly increased BAT PROTEIN2 mRNA, to 138% of control",no
IEPA.d109.s262_365,"Fasting significantly enhanced gastrocnemius muscle PROTEIN1 mRNA (411% of control) and protein expression (168% of control), whereas PROTEIN2 administration to fasted rats did not alter either of these effects",no
IEPA.d109.s263_366,"In summary, PROTEIN1 subtype mRNA and protein are regulated in tissue- and subtype-specific fashion by PROTEIN2 and food restriction",yes
IEPA.d111.s269_367,"Plasma PROTEIN1 and some functionally related peptides (CCK, gastrin, somatostatin and PROTEIN2 , were measured by standard radioimmunoassay techniques",no
IEPA.d112.s270_368,"Analyses of hormone regulation of expression of mRNA for the aleurone RNase revealed that, like the pattern for PROTEIN1 mRNA levels increased in the presence of PROTEIN2 and its antagonist abscisic acid prevented this effect",yes
IEPA.d112.s271_369,"Quantitative studies at early times demonstrated that cycloheximide treatment of aleurone layers increased mRNA levels 4-fold, whereas a combination of PROTEIN1 plus cycloheximide treatment was required to increase PROTEIN2 mRNA levels to the same extent",yes
IEPA.d113.s272_370,"The experiments were concluded by taking blood samples for later analysis of plasma glucose and plasma levels of the following hormones: PROTEIN1 gastrin, CCK, glucagon, somatostatin, PROTEIN2 and corticosterone",no
IEPA.d113.s273_371,"The low-performing Stock B animals were characterized by [1] being more reactive to sensory stimulation: higher startle amplitude and shorter startle latency; [2] having higher plasma PROTEIN1 and corticosterone levels, whereas plasma gastrin and PROTEIN2 were significantly lowered and a strong tendency for a decrease also in plasma CCK",no
IEPA.d114.s274_372,"In normal pancreatic islets, PROTEIN1 is upregulated by PROTEIN and is low in PROTEIN2 resistant islets of ZDF rats",no
IEPA.d114.s274_373,"In normal pancreatic islets, PROTEIN1 is upregulated by PROTEIN2 and is low in PROTEIN resistant islets of ZDF rats",yes
IEPA.d114.s274_374,"In normal pancreatic islets, PROTEIN is upregulated by PROTEIN1 and is low in PROTEIN2 resistant islets of ZDF rats",no
IEPA.d114.s275_375,"To determine whether PROTEIN does, in fact, have uncoupling activity and, if so, whether such activity would favorably influence the abnormalities in PROTEIN unresponsive PROTEIN1 underexpressing islets of diabetic ZDF rats, we transferred the PROTEIN2 gene to the islets of diabetic ZDF rats and lean (+/+) ZDF control rats",no
IEPA.d114.s275_376,"To determine whether PROTEIN does, in fact, have uncoupling activity and, if so, whether such activity would favorably influence the abnormalities in PROTEIN1 unresponsive PROTEIN2 underexpressing islets of diabetic ZDF rats, we transferred the PROTEIN gene to the islets of diabetic ZDF rats and lean (+/+) ZDF control rats",no
IEPA.d114.s275_377,"To determine whether PROTEIN1 does, in fact, have uncoupling activity and, if so, whether such activity would favorably influence the abnormalities in PROTEIN unresponsive PROTEIN2 underexpressing islets of diabetic ZDF rats, we transferred the PROTEIN gene to the islets of diabetic ZDF rats and lean (+/+) ZDF control rats",no
IEPA.d114.s275_378,"To determine whether PROTEIN does, in fact, have uncoupling activity and, if so, whether such activity would favorably influence the abnormalities in PROTEIN1 unresponsive PROTEIN underexpressing islets of diabetic ZDF rats, we transferred the PROTEIN2 gene to the islets of diabetic ZDF rats and lean (+/+) ZDF control rats",no
IEPA.d114.s275_379,"To determine whether PROTEIN1 does, in fact, have uncoupling activity and, if so, whether such activity would favorably influence the abnormalities in PROTEIN unresponsive PROTEIN underexpressing islets of diabetic ZDF rats, we transferred the PROTEIN2 gene to the islets of diabetic ZDF rats and lean (+/+) ZDF control rats",no
IEPA.d114.s275_380,"To determine whether PROTEIN1 does, in fact, have uncoupling activity and, if so, whether such activity would favorably influence the abnormalities in PROTEIN2 unresponsive PROTEIN underexpressing islets of diabetic ZDF rats, we transferred the PROTEIN gene to the islets of diabetic ZDF rats and lean (+/+) ZDF control rats",no
IEPA.d114.s276_381,"We conclude that PROTEIN1 has uncoupling function when overexpressed in PROTEIN2 insensitive islets and that its overexpression corrects the underexpression of the insulin gene and ameliorates glucose-stimulated insulin secretion, possibly by increasing the ATP:ADP ratio",no
IEPA.d117.s285_382,"The second class of mutant, gse ( PROTEIN sensitivity), differed principally in PROTEIN1 sensitivity, requiring approximately 100-fold higher [ PROTEIN for both leaf elongation and PROTEIN2 production by aleurone",no
IEPA.d117.s285_383,"The second class of mutant, gse ( PROTEIN sensitivity), differed principally in PROTEIN sensitivity, requiring approximately 100-fold higher [ PROTEIN1 for both leaf elongation and PROTEIN2 production by aleurone",yes
IEPA.d117.s285_384,"The second class of mutant, gse ( PROTEIN1 sensitivity), differed principally in PROTEIN sensitivity, requiring approximately 100-fold higher [ PROTEIN for both leaf elongation and PROTEIN2 production by aleurone",no
IEPA.d117.s285_385,"The second class of mutant, gse ( PROTEIN sensitivity), differed principally in PROTEIN1 sensitivity, requiring approximately 100-fold higher [ PROTEIN2 for both leaf elongation and PROTEIN production by aleurone",no
IEPA.d117.s285_386,"The second class of mutant, gse ( PROTEIN1 sensitivity), differed principally in PROTEIN2 sensitivity, requiring approximately 100-fold higher [ PROTEIN for both leaf elongation and PROTEIN production by aleurone",no
IEPA.d117.s285_387,"The second class of mutant, gse ( PROTEIN1 sensitivity), differed principally in PROTEIN sensitivity, requiring approximately 100-fold higher [ PROTEIN2 for both leaf elongation and PROTEIN production by aleurone",no
IEPA.d118.s286_388,"Phorbol myristate acetate (TPA), an activator of PROTEIN1 elicited an increase of MAPK activity, but did not further influence the level of PROTEIN2 -8-enhanced MAPK activity; Nevertheless, the extent of CaMKII activation was attenuated by TPA",no
IEPA.d119.s287_389,The PROTEIN1 responsive elements conserved in cereal PROTEIN2 genes are not included in the 5'-upstream region of Rep1 or RepA,yes
IEPA.d120.s288_390,"Furthermore, our 14C-acetate-labeling studies showed a 50% reduction in PROTEIN1 synthesis in the presence of either PROTEIN2 which could account for the reduction in net apoB secretion caused by incubation with these compounds",yes
IEPA.d121.s289_391,"An inhibitor of PROTEIN1 Ro31-8220 (10 microM), abolished the ability of PDBu to decrease [Ca(2+)](i), without affecting the response to maximal or submaximal concentrations of PROTEIN2 ",no
IEPA.d122.s290_392,Effects of intravenously infused PROTEIN1 on insulin sensitivity and on the expression of PROTEIN2 in brown adipose tissue,yes
IEPA.d122.s291_393,Centrally administered PROTEIN1 has been shown to increase insulin-stimulated glucose utilization and to favor the expression of PROTEIN2 (UCPs),yes
IEPA.d122.s292_394,"To study if PROTEIN1 also has direct peripherally mediated effects on these processes, this hormone (1 mg/day) or its vehicle was infused i.v. for 4 days to lean rats and insulin-stimulated glucose utilization in skeletal muscle and adipose tissue as well as the expression of PROTEIN2 messenger RNAs (mRNAs) in brown adipose tissue were measured",no
IEPA.d122.s293_395,"I.v. PROTEIN1 infusion also favored the expression of PROTEIN2 in brown adipose tissue, either by increasing their expression or preventing the fall occurring during the pair-feeding regimen.",yes
IEPA.d122.s294_396,"Relative PROTEIN1 expression levels were 100, 104, and 33 for PROTEIN 100, 191, and 125 for PROTEIN and 100, 107, and 29 for PROTEIN in ad libitum fed control rats, in PROTEIN2 treated rats and in pair-fed control rats, respectively",no
IEPA.d122.s294_397,"Relative PROTEIN expression levels were 100, 104, and 33 for PROTEIN 100, 191, and 125 for PROTEIN and 100, 107, and 29 for PROTEIN1 in ad libitum fed control rats, in PROTEIN2 treated rats and in pair-fed control rats, respectively",no
IEPA.d122.s294_398,"Relative PROTEIN expression levels were 100, 104, and 33 for PROTEIN 100, 191, and 125 for PROTEIN1 and 100, 107, and 29 for PROTEIN in ad libitum fed control rats, in PROTEIN2 treated rats and in pair-fed control rats, respectively",no
IEPA.d122.s294_399,"Relative PROTEIN expression levels were 100, 104, and 33 for PROTEIN1 100, 191, and 125 for PROTEIN and 100, 107, and 29 for PROTEIN in ad libitum fed control rats, in PROTEIN2 treated rats and in pair-fed control rats, respectively",no
IEPA.d122.s294_400,"Relative PROTEIN1 expression levels were 100, 104, and 33 for PROTEIN 100, 191, and 125 for PROTEIN and 100, 107, and 29 for PROTEIN2 in ad libitum fed control rats, in PROTEIN treated rats and in pair-fed control rats, respectively",no
IEPA.d122.s294_401,"Relative PROTEIN1 expression levels were 100, 104, and 33 for PROTEIN 100, 191, and 125 for PROTEIN2 and 100, 107, and 29 for PROTEIN in ad libitum fed control rats, in PROTEIN treated rats and in pair-fed control rats, respectively",no
IEPA.d122.s294_402,"Relative PROTEIN1 expression levels were 100, 104, and 33 for PROTEIN2 100, 191, and 125 for PROTEIN and 100, 107, and 29 for PROTEIN in ad libitum fed control rats, in PROTEIN treated rats and in pair-fed control rats, respectively",no
IEPA.d122.s294_403,"Relative PROTEIN expression levels were 100, 104, and 33 for PROTEIN 100, 191, and 125 for PROTEIN1 and 100, 107, and 29 for PROTEIN2 in ad libitum fed control rats, in PROTEIN treated rats and in pair-fed control rats, respectively",no
IEPA.d122.s294_404,"Relative PROTEIN expression levels were 100, 104, and 33 for PROTEIN1 100, 191, and 125 for PROTEIN and 100, 107, and 29 for PROTEIN2 in ad libitum fed control rats, in PROTEIN treated rats and in pair-fed control rats, respectively",no
IEPA.d122.s294_405,"Relative PROTEIN expression levels were 100, 104, and 33 for PROTEIN1 100, 191, and 125 for PROTEIN2 and 100, 107, and 29 for PROTEIN in ad libitum fed control rats, in PROTEIN treated rats and in pair-fed control rats, respectively",no
IEPA.d122.s295_406,These results suggest that the overall effect of PROTEIN1 on glucose utilization and on the expression of PROTEIN2 may be mediated through central mechanism,yes
IEPA.d126.s299_407,"The expression of uterine PROTEIN and PROTEIN1 were up-regulated by 3.2- and 1.5-fold, respectively, during the late stage of pregnancy with an increase of WAT PROTEIN mRNA expression and exogenous administration of PROTEIN2 resulted in induction of the uterine PROTEIN and PROTEIN levels",no
IEPA.d126.s299_408,"The expression of uterine PROTEIN1 and PROTEIN were up-regulated by 3.2- and 1.5-fold, respectively, during the late stage of pregnancy with an increase of WAT PROTEIN mRNA expression and exogenous administration of PROTEIN2 resulted in induction of the uterine PROTEIN and PROTEIN levels",no
IEPA.d126.s299_409,"The expression of uterine PROTEIN and PROTEIN were up-regulated by 3.2- and 1.5-fold, respectively, during the late stage of pregnancy with an increase of WAT PROTEIN1 mRNA expression and exogenous administration of PROTEIN2 resulted in induction of the uterine PROTEIN and PROTEIN levels",no
IEPA.d126.s299_410,"The expression of uterine PROTEIN and PROTEIN were up-regulated by 3.2- and 1.5-fold, respectively, during the late stage of pregnancy with an increase of WAT PROTEIN mRNA expression and exogenous administration of PROTEIN1 resulted in induction of the uterine PROTEIN and PROTEIN2 levels",yes
IEPA.d126.s299_411,"The expression of uterine PROTEIN and PROTEIN were up-regulated by 3.2- and 1.5-fold, respectively, during the late stage of pregnancy with an increase of WAT PROTEIN mRNA expression and exogenous administration of PROTEIN1 resulted in induction of the uterine PROTEIN2 and PROTEIN levels",yes
IEPA.d126.s299_412,"The expression of uterine PROTEIN1 and PROTEIN2 were up-regulated by 3.2- and 1.5-fold, respectively, during the late stage of pregnancy with an increase of WAT PROTEIN mRNA expression and exogenous administration of PROTEIN resulted in induction of the uterine PROTEIN and PROTEIN levels",no
IEPA.d126.s299_413,"The expression of uterine PROTEIN and PROTEIN1 were up-regulated by 3.2- and 1.5-fold, respectively, during the late stage of pregnancy with an increase of WAT PROTEIN2 mRNA expression and exogenous administration of PROTEIN resulted in induction of the uterine PROTEIN and PROTEIN levels",no
IEPA.d126.s299_414,"The expression of uterine PROTEIN and PROTEIN1 were up-regulated by 3.2- and 1.5-fold, respectively, during the late stage of pregnancy with an increase of WAT PROTEIN mRNA expression and exogenous administration of PROTEIN resulted in induction of the uterine PROTEIN and PROTEIN2 levels",no
IEPA.d126.s299_415,"The expression of uterine PROTEIN and PROTEIN1 were up-regulated by 3.2- and 1.5-fold, respectively, during the late stage of pregnancy with an increase of WAT PROTEIN mRNA expression and exogenous administration of PROTEIN resulted in induction of the uterine PROTEIN2 and PROTEIN levels",no
IEPA.d126.s299_416,"The expression of uterine PROTEIN1 and PROTEIN were up-regulated by 3.2- and 1.5-fold, respectively, during the late stage of pregnancy with an increase of WAT PROTEIN2 mRNA expression and exogenous administration of PROTEIN resulted in induction of the uterine PROTEIN and PROTEIN levels",no
IEPA.d126.s299_417,"The expression of uterine PROTEIN1 and PROTEIN were up-regulated by 3.2- and 1.5-fold, respectively, during the late stage of pregnancy with an increase of WAT PROTEIN mRNA expression and exogenous administration of PROTEIN resulted in induction of the uterine PROTEIN and PROTEIN2 levels",no
IEPA.d126.s299_418,"The expression of uterine PROTEIN1 and PROTEIN were up-regulated by 3.2- and 1.5-fold, respectively, during the late stage of pregnancy with an increase of WAT PROTEIN mRNA expression and exogenous administration of PROTEIN resulted in induction of the uterine PROTEIN2 and PROTEIN levels",no
IEPA.d126.s299_419,"The expression of uterine PROTEIN and PROTEIN were up-regulated by 3.2- and 1.5-fold, respectively, during the late stage of pregnancy with an increase of WAT PROTEIN1 mRNA expression and exogenous administration of PROTEIN resulted in induction of the uterine PROTEIN and PROTEIN2 levels",no
IEPA.d126.s299_420,"The expression of uterine PROTEIN and PROTEIN were up-regulated by 3.2- and 1.5-fold, respectively, during the late stage of pregnancy with an increase of WAT PROTEIN1 mRNA expression and exogenous administration of PROTEIN resulted in induction of the uterine PROTEIN2 and PROTEIN levels",no
IEPA.d126.s299_421,"The expression of uterine PROTEIN and PROTEIN were up-regulated by 3.2- and 1.5-fold, respectively, during the late stage of pregnancy with an increase of WAT PROTEIN mRNA expression and exogenous administration of PROTEIN resulted in induction of the uterine PROTEIN1 and PROTEIN2 levels",no
IEPA.d126.s300_422,"These results indicate that PROTEIN gene expressions during pregnancy are regulated tissue-dependently, and up-regulation of uterine PROTEIN1 and PROTEIN2 mRNA may be due to increased PROTEIN levels",no
IEPA.d126.s300_423,"These results indicate that PROTEIN gene expressions during pregnancy are regulated tissue-dependently, and up-regulation of uterine PROTEIN and PROTEIN1 mRNA may be due to increased PROTEIN2 levels",yes
IEPA.d126.s300_424,"These results indicate that PROTEIN1 gene expressions during pregnancy are regulated tissue-dependently, and up-regulation of uterine PROTEIN and PROTEIN2 mRNA may be due to increased PROTEIN levels",no
IEPA.d126.s300_425,"These results indicate that PROTEIN gene expressions during pregnancy are regulated tissue-dependently, and up-regulation of uterine PROTEIN1 and PROTEIN mRNA may be due to increased PROTEIN2 levels",yes
IEPA.d126.s300_426,"These results indicate that PROTEIN1 gene expressions during pregnancy are regulated tissue-dependently, and up-regulation of uterine PROTEIN2 and PROTEIN mRNA may be due to increased PROTEIN levels",no
IEPA.d126.s300_427,"These results indicate that PROTEIN1 gene expressions during pregnancy are regulated tissue-dependently, and up-regulation of uterine PROTEIN and PROTEIN mRNA may be due to increased PROTEIN2 levels",no
IEPA.d127.s301_428, PROTEIN1 treatment of fetal guinea pig brain cultures substantially reduced the amount of PROTEIN and PROTEIN2 in the medium but had no effect on sAPPalpha,yes
IEPA.d127.s301_429, PROTEIN1 treatment of fetal guinea pig brain cultures substantially reduced the amount of PROTEIN2 and PROTEIN in the medium but had no effect on sAPPalpha,yes
IEPA.d127.s301_430, PROTEIN treatment of fetal guinea pig brain cultures substantially reduced the amount of PROTEIN1 and PROTEIN2 in the medium but had no effect on sAPPalpha,no
IEPA.d127.s302_431,"When this parental line was treated with PROTEIN1 PROTEIN PROTEIN and sAPPbeta decreased to levels similar to those observed in the mutant line, and the mutant line was resistant to these effects of PROTEIN2 ",no
IEPA.d127.s302_432,"When this parental line was treated with PROTEIN PROTEIN1 PROTEIN and sAPPbeta decreased to levels similar to those observed in the mutant line, and the mutant line was resistant to these effects of PROTEIN2 ",no
IEPA.d127.s302_433,"When this parental line was treated with PROTEIN PROTEIN PROTEIN1 and sAPPbeta decreased to levels similar to those observed in the mutant line, and the mutant line was resistant to these effects of PROTEIN2 ",no
IEPA.d127.s302_434,"When this parental line was treated with PROTEIN1 PROTEIN2 PROTEIN and sAPPbeta decreased to levels similar to those observed in the mutant line, and the mutant line was resistant to these effects of PROTEIN ",yes
IEPA.d127.s302_435,"When this parental line was treated with PROTEIN1 PROTEIN PROTEIN2 and sAPPbeta decreased to levels similar to those observed in the mutant line, and the mutant line was resistant to these effects of PROTEIN ",yes
IEPA.d127.s302_436,"When this parental line was treated with PROTEIN PROTEIN1 PROTEIN2 and sAPPbeta decreased to levels similar to those observed in the mutant line, and the mutant line was resistant to these effects of PROTEIN ",no
IEPA.d128.s303_437,"A neurotoxic fragment of PROTEIN1 Abeta 25-35, incubated in the presence of endogenous Ca2+, increased significantly the PROTEIN2 activity of normoxic brain",yes
IEPA.d128.s304_438,"In its non-aggregated form, PROTEIN1 activates PROTEIN2 but in the aggregated form the enzymatic activity decreased",yes
IEPA.d128.s305_439,"Thus, PROTEIN1 exerts a similar effect on the membrane-bound PROTEIN2 from normoxic brain or subjected to ischemia reperfusion injury",yes
IEPA.d128.s306_440,Ischemia-reperfusion injury had no effect on PROTEIN1 evoked alterations of synaptic plasma membrane-bound PROTEIN2 ,yes
IEPA.d129.s307_441,"Sympathetic inhibition, PROTEIN1 and PROTEIN2 subtype expression in normal fasting rats",no
IEPA.d129.s308_442,"To further investigate neural effects on PROTEIN1 and PROTEIN2 (UCPs), we studied in vivo perturbations intended to block adrenergic input to peripheral tissues",no
IEPA.d129.s309_443,"We examined plasma PROTEIN1 PROTEIN2 mRNA, and adipose and muscle PROTEIN subtype mRNA in rats treated with alpha-methyl-p-tyrosine methyl ester (AMPT-ME), which inhibits catecholamine synthesis and 6-hydroxydopamine (6HDA), which is toxic to catecholinergic nerve terminals but, unlike AMPT-ME, does not enter the central nervous system",no
IEPA.d129.s309_444,"We examined plasma PROTEIN1 PROTEIN mRNA, and adipose and muscle PROTEIN2 subtype mRNA in rats treated with alpha-methyl-p-tyrosine methyl ester (AMPT-ME), which inhibits catecholamine synthesis and 6-hydroxydopamine (6HDA), which is toxic to catecholinergic nerve terminals but, unlike AMPT-ME, does not enter the central nervous system",no
IEPA.d129.s309_445,"We examined plasma PROTEIN PROTEIN1 mRNA, and adipose and muscle PROTEIN2 subtype mRNA in rats treated with alpha-methyl-p-tyrosine methyl ester (AMPT-ME), which inhibits catecholamine synthesis and 6-hydroxydopamine (6HDA), which is toxic to catecholinergic nerve terminals but, unlike AMPT-ME, does not enter the central nervous system",no
IEPA.d129.s310_446,"Intraperitoneal 6HDA, 100 mg/kg, as a single dose at 1800, increased plasma PROTEIN1 approximately twofold after 18-20 h, increased IBAT (but not epididymal fat) PROTEIN2 mRNA by two- to threefold, and decreased IBAT PROTEIN mRNA to 30-40% of control",no
IEPA.d129.s310_447,"Intraperitoneal 6HDA, 100 mg/kg, as a single dose at 1800, increased plasma PROTEIN1 approximately twofold after 18-20 h, increased IBAT (but not epididymal fat) PROTEIN mRNA by two- to threefold, and decreased IBAT PROTEIN2 mRNA to 30-40% of control",no
IEPA.d129.s310_448,"Intraperitoneal 6HDA, 100 mg/kg, as a single dose at 1800, increased plasma PROTEIN approximately twofold after 18-20 h, increased IBAT (but not epididymal fat) PROTEIN1 mRNA by two- to threefold, and decreased IBAT PROTEIN2 mRNA to 30-40% of control",no
IEPA.d129.s311_449,"However, the in vivo modulation of PROTEIN1 and PROTEIN2 appears complex and, beyond a causal effect of SNA per se, may depend on concurrent changes in plasma insulin, glucose, and circulatory hemodynamics",no
IEPA.d130.s312_450, PROTEIN1 beta peptide 25-35 modulates hydrolysis of phosphoinositides by membrane PROTEIN2 of adult brain cortex,yes
IEPA.d130.s313_451,"Fresh-water-soluble PROTEIN1 25-35 activated PROTEIN2 in SPM markedly by two- to threefold, but this effect was absent in the presence of 2 mM CaCl2",yes
IEPA.d130.s314_452,"Moreover, PROTEIN1 25-35 had no effect on basal PROTEIN activity and cytosolic PROTEIN and PROTEIN2 ",no
IEPA.d130.s314_453,"Moreover, PROTEIN 25-35 had no effect on basal PROTEIN activity and cytosolic PROTEIN1 and PROTEIN2 ",no
IEPA.d130.s314_454,"Moreover, PROTEIN 25-35 had no effect on basal PROTEIN1 activity and cytosolic PROTEIN and PROTEIN2 ",no
IEPA.d130.s314_455,"Moreover, PROTEIN1 25-35 had no effect on basal PROTEIN activity and cytosolic PROTEIN2 and PROTEIN ",no
IEPA.d130.s314_456,"Moreover, PROTEIN1 25-35 had no effect on basal PROTEIN2 activity and cytosolic PROTEIN and PROTEIN ",no
IEPA.d130.s314_457,"Moreover, PROTEIN 25-35 had no effect on basal PROTEIN1 activity and cytosolic PROTEIN2 and PROTEIN ",no
IEPA.d130.s315_458,The aggregated form of PROTEIN1 25-35 significantly inhibited PROTEIN2 only in the presence of endogenous CaCl2,yes
IEPA.d131.s316_459," PROTEIN1 stimulates tyrosine phosphorylation by activation of PROTEIN2 in the rat smooth muscle cell line, A-10",yes
IEPA.d131.s317_460,"The PROTEIN1 (PKC) inhibitors: staurosporine, H7 and GF109203X are able to block the PROTEIN2 stimulated phosphorylation",yes
IEPA.d131.s318_461,"These results indicate that PROTEIN1 is upstream of the phosphorylation, a motion which is supported by the fact that the PROTEIN2 stimulated phosphorylation was downregulated by phorbol esters",yes
IEPA.d132.s319_462,The effects of the fluorinated analogues were evaluated on inhibition of cress seed germination and inhibition of PROTEIN1 inducible PROTEIN2 induction in embryoless barley half-seeds,yes
IEPA.d132.s320_463,"(2E, 4E)-2-Fluoro-5-(1'-hydroxy-2',6', 6'-trimethyl-2'-cyclohexen-1'-yl)-3-methyl-2,4-pentadienoic acid (5b) showed potent inhibitory activity at the same level as ABA in the cress seed germination test, and 5b also inhibited PROTEIN1 inducible PROTEIN induction at 4 x 10(-)(6), 3 times the concentration of ABA (1 x 10(-)(6)) for 50% inhibition of PROTEIN2 production",no
IEPA.d132.s320_464,"(2E, 4E)-2-Fluoro-5-(1'-hydroxy-2',6', 6'-trimethyl-2'-cyclohexen-1'-yl)-3-methyl-2,4-pentadienoic acid (5b) showed potent inhibitory activity at the same level as ABA in the cress seed germination test, and 5b also inhibited PROTEIN inducible PROTEIN1 induction at 4 x 10(-)(6), 3 times the concentration of ABA (1 x 10(-)(6)) for 50% inhibition of PROTEIN2 production",no
IEPA.d132.s320_465,"(2E, 4E)-2-Fluoro-5-(1'-hydroxy-2',6', 6'-trimethyl-2'-cyclohexen-1'-yl)-3-methyl-2,4-pentadienoic acid (5b) showed potent inhibitory activity at the same level as ABA in the cress seed germination test, and 5b also inhibited PROTEIN1 inducible PROTEIN2 induction at 4 x 10(-)(6), 3 times the concentration of ABA (1 x 10(-)(6)) for 50% inhibition of PROTEIN production",yes
IEPA.d133.s321_466,"Neurotransmitters and hormones, such as arginine vasopressin (AVP) and bombesin, evoke frequency-modulated repetitive Ca2+ transients in PROTEIN1 secreting HIT-T15 cells by binding to receptors linked to PROTEIN2 (PLC)",no
IEPA.d134.s322_467,"Isolation and characterization of gibbestatin B, an inhibitor of PROTEIN1 induced expression of PROTEIN2 and gibbestatin C from streptomycetaes",yes
IEPA.d137.s325_468,We previously showed that PROTEIN1 (AVP) stimulates heat shock protein 27 (HSP27) induction through PROTEIN2 activation in aortic smooth muscle A10 cells,yes
IEPA.d137.s326_469,"Calphostin C and ET-18-OCH(3), inhibitors of PROTEIN1 reduced the phosphorylation of p38 MAP kinase by PROTEIN2 ",yes
IEPA.d138.s327_470," PROTEIN1 like signaling in yeast: modulation of protein phosphatase 2A, protein kinase A, cAMP-specific phosphodiesterase, and glycosyl-phosphatidylinositol-specific PROTEIN2 activities",no
IEPA.d138.s328_471,"In addition, PROTEIN1 (GPI-PLC), which in isolated rat adipocytes is activated by PROTEIN was stimulated to up to 5-fold by glucose and 10-fold by glucose plus PROTEIN in both yeast spheroplasts and intact cells leading to a concentration-dependent leftward shift of the glucose-response curve for activation of the PROTEIN2 ",no
IEPA.d138.s328_472,"In addition, PROTEIN (GPI-PLC), which in isolated rat adipocytes is activated by PROTEIN was stimulated to up to 5-fold by glucose and 10-fold by glucose plus PROTEIN1 in both yeast spheroplasts and intact cells leading to a concentration-dependent leftward shift of the glucose-response curve for activation of the PROTEIN2 ",no
IEPA.d138.s328_473,"In addition, PROTEIN (GPI-PLC), which in isolated rat adipocytes is activated by PROTEIN1 was stimulated to up to 5-fold by glucose and 10-fold by glucose plus PROTEIN in both yeast spheroplasts and intact cells leading to a concentration-dependent leftward shift of the glucose-response curve for activation of the PROTEIN2 ",no
IEPA.d138.s328_474,"In addition, PROTEIN1 (GPI-PLC), which in isolated rat adipocytes is activated by PROTEIN was stimulated to up to 5-fold by glucose and 10-fold by glucose plus PROTEIN2 in both yeast spheroplasts and intact cells leading to a concentration-dependent leftward shift of the glucose-response curve for activation of the PROTEIN ",yes
IEPA.d138.s328_475,"In addition, PROTEIN1 (GPI-PLC), which in isolated rat adipocytes is activated by PROTEIN2 was stimulated to up to 5-fold by glucose and 10-fold by glucose plus PROTEIN in both yeast spheroplasts and intact cells leading to a concentration-dependent leftward shift of the glucose-response curve for activation of the PROTEIN ",yes
IEPA.d138.s328_476,"In addition, PROTEIN (GPI-PLC), which in isolated rat adipocytes is activated by PROTEIN1 was stimulated to up to 5-fold by glucose and 10-fold by glucose plus PROTEIN2 in both yeast spheroplasts and intact cells leading to a concentration-dependent leftward shift of the glucose-response curve for activation of the PROTEIN ",no
IEPA.d138.s329_477, PROTEIN1 was most pronouncedly stimulated by authentic human PROTEIN2 compared to various insulin analogues and insulin-like growth factor I,yes
IEPA.d138.s330_478,"As the PROTEIN1 reaction is rate limiting, the efficiency of the two-step anchor cleavage was significantly increased when PROTEIN2 was present together with glucose as compared to glucose alone",no
IEPA.d138.s331_479,"The PROTEIN1 concentrations effective in modulating PP2A, PKA, cAMP-PDE, and PROTEIN2 activities correlate well with those required for half-saturation of the specific binding sites as well as for stimulation of protein phosphorylation and glycogen accumulation",yes
IEPA.d138.s332_480,"The data suggest that mammalian PROTEIN1 sensitive cells and yeast share (part of) the key regulatory mechanism (consisting of PP2A, PKA, cAMP-PDE, and PROTEIN2 involved in the transduction of the PROTEIN signal from the respective receptor systems to glycogen synthase and phosphorylase",no
IEPA.d138.s332_481,"The data suggest that mammalian PROTEIN1 sensitive cells and yeast share (part of) the key regulatory mechanism (consisting of PP2A, PKA, cAMP-PDE, and PROTEIN involved in the transduction of the PROTEIN2 signal from the respective receptor systems to glycogen synthase and phosphorylase",no
IEPA.d138.s332_482,"The data suggest that mammalian PROTEIN sensitive cells and yeast share (part of) the key regulatory mechanism (consisting of PP2A, PKA, cAMP-PDE, and PROTEIN1 involved in the transduction of the PROTEIN2 signal from the respective receptor systems to glycogen synthase and phosphorylase",yes
IEPA.d139.s333_483, PROTEIN1 and PROTEIN2 (1 and 2) mRNA levels were determined by reverse transcription-polymerase chain reaction (RT-PCR) methodology in adipose tissue and gastrocnemius muscle,no
IEPA.d139.s334_484,"A negative correlation between WAT O2 consumption and PROTEIN1 expression was found in control animals, but not in the cafeteria-fed groups, suggesting a differential response to the beta3-adrenergic compound in lean and obese animals, which is in agreement with the reported statistical interactions between obesity and Trecadrine administration found for WAT O2 consumption and muscle PROTEIN2 expression, as well as for plasma PROTEIN and WAT PROTEIN expression",no
IEPA.d139.s334_485,"A negative correlation between WAT O2 consumption and PROTEIN expression was found in control animals, but not in the cafeteria-fed groups, suggesting a differential response to the beta3-adrenergic compound in lean and obese animals, which is in agreement with the reported statistical interactions between obesity and Trecadrine administration found for WAT O2 consumption and muscle PROTEIN1 expression, as well as for plasma PROTEIN2 and WAT PROTEIN expression",no
IEPA.d139.s334_486,"A negative correlation between WAT O2 consumption and PROTEIN expression was found in control animals, but not in the cafeteria-fed groups, suggesting a differential response to the beta3-adrenergic compound in lean and obese animals, which is in agreement with the reported statistical interactions between obesity and Trecadrine administration found for WAT O2 consumption and muscle PROTEIN1 expression, as well as for plasma PROTEIN and WAT PROTEIN2 expression",no
IEPA.d139.s334_487,"A negative correlation between WAT O2 consumption and PROTEIN1 expression was found in control animals, but not in the cafeteria-fed groups, suggesting a differential response to the beta3-adrenergic compound in lean and obese animals, which is in agreement with the reported statistical interactions between obesity and Trecadrine administration found for WAT O2 consumption and muscle PROTEIN expression, as well as for plasma PROTEIN2 and WAT PROTEIN expression",no
IEPA.d139.s334_488,"A negative correlation between WAT O2 consumption and PROTEIN1 expression was found in control animals, but not in the cafeteria-fed groups, suggesting a differential response to the beta3-adrenergic compound in lean and obese animals, which is in agreement with the reported statistical interactions between obesity and Trecadrine administration found for WAT O2 consumption and muscle PROTEIN expression, as well as for plasma PROTEIN and WAT PROTEIN2 expression",no
IEPA.d139.s334_489,"A negative correlation between WAT O2 consumption and PROTEIN expression was found in control animals, but not in the cafeteria-fed groups, suggesting a differential response to the beta3-adrenergic compound in lean and obese animals, which is in agreement with the reported statistical interactions between obesity and Trecadrine administration found for WAT O2 consumption and muscle PROTEIN expression, as well as for plasma PROTEIN1 and WAT PROTEIN2 expression",no
IEPA.d140.s335_490, PROTEIN1 (AVP) and lysophosphatidic acid (LPA) have been shown to stimulate PROTEIN2 (PKC) and mitogen-activated protein (MAP) kinases and the proliferation of vascular smooth muscle cells,yes
IEPA.d140.s336_491,"However, PROTEIN1 induced activation of RSK2, a downstream substrate of ERK1 and ERK2, was PROTEIN2 dependent and PI 3-kinase-independent",yes
IEPA.d140.s337_492, PROTEIN1 was necessary in PROTEIN2 but not in LPA-induced activation of p70 S6K,yes
IEPA.d141.s338_493,Tolbutamide and diazoxide modulate PROTEIN1 linked Ca(2+) signaling and PROTEIN2 secretion in beta-cells,yes
IEPA.d141.s339_494,"We examined whether tolbutamide and diazoxide, which close or open ATP-sensitive K(+) channels (K(ATP) channels), respectively, interact with PROTEIN linked Ca(2+) signals in HIT-T15 and mouse beta-cells and with PROTEIN1 linked PROTEIN2 secretion from HIT-T15 cells",yes
IEPA.d141.s339_495,"We examined whether tolbutamide and diazoxide, which close or open ATP-sensitive K(+) channels (K(ATP) channels), respectively, interact with PROTEIN1 linked Ca(2+) signals in HIT-T15 and mouse beta-cells and with PROTEIN linked PROTEIN2 secretion from HIT-T15 cells",no
IEPA.d141.s339_496,"We examined whether tolbutamide and diazoxide, which close or open ATP-sensitive K(+) channels (K(ATP) channels), respectively, interact with PROTEIN1 linked Ca(2+) signals in HIT-T15 and mouse beta-cells and with PROTEIN2 linked PROTEIN secretion from HIT-T15 cells",no
IEPA.d141.s340_497,"Thus tolbutamide and diazoxide regulate both PROTEIN1 linked Ca(2+) signaling and PROTEIN2 secretion from pancreatic beta-cells by modulating K(ATP) channels, thereby determining voltage-sensitive Ca(2+) influx",yes
IEPA.d143.s343_498, PROTEIN1 central injections to intact animals stimulated PROTEIN2 synthesis and secretion without changing of islets area,yes
IEPA.d143.s344_499,"Thus, PROTEIN1 administration stimulates PROTEIN2 synthesis and secretion in intact and diabetic animals and this effect is more expressed with central injections",yes
IEPA.d144.s345_500,Hypothalamic PROTEIN1 and its neuroendocrine regulation by PROTEIN2 ,yes
IEPA.d146.s351_501,Ca2+ signalling in rat vascular smooth muscle cells: a role for PROTEIN1 at physiological vasoconstrictor concentrations of PROTEIN2 ,yes
IEPA.d146.s352_502,"The PROTEIN1 (PKC) activator 4beta-phorbol 12-myristate 13-acetate (PMA, 100 pM to 200 nM), also stimulated Ca2+ spiking and this effect was additive with a submaximal concentration of PROTEIN2 (50 pM)",no
IEPA.d146.s353_503,The PROTEIN1 Ro-31-8220 (1 microM) and calphostin C (250 nM) completely blocked the stimulation of Ca2+ spiking by either PMA or PROTEIN2 ,yes
IEPA.d146.s354_504,Time-dependent redistribution of PROTEIN1 -delta and -epsilon isoforms between the membrane and cytosolic fractions occurred in response to 100 pM PROTEIN2 ,yes
IEPA.d146.s355_505,"Pretreatment for 24 h with 1 microM PMA downregulated expression of PROTEIN1 and -delta, but not PROTEIN2 and prevented the Ca2+-spiking responses to either 1 nM PMA or 100 pM PROTEIN ",no
IEPA.d146.s355_506,"Pretreatment for 24 h with 1 microM PMA downregulated expression of PROTEIN1 and -delta, but not PROTEIN and prevented the Ca2+-spiking responses to either 1 nM PMA or 100 pM PROTEIN2 ",no
IEPA.d146.s355_507,"Pretreatment for 24 h with 1 microM PMA downregulated expression of PROTEIN and -delta, but not PROTEIN1 and prevented the Ca2+-spiking responses to either 1 nM PMA or 100 pM PROTEIN2 ",no
IEPA.d146.s356_508,We conclude that PROTEIN1 activation is a necessary step in the signal transduction pathway linking low concentrations of PROTEIN2 to Ca2+ spiking in A7r5 cells,yes
IEPA.d147.s357_509,Ten PROTEIN1 have been assayed for their ability to phosphorylate in vitro the PROTEIN2 (25-242) (rbPrP),no
IEPA.d147.s358_510,With regard to PROTEIN1 phosphorylation occurs at Ser 154 with a stoichiometry of about 0.1 mol phosphate/mol PROTEIN2 which is doubled by mild heat treatment of PROTEIN ,yes
IEPA.d147.s358_511,With regard to PROTEIN phosphorylation occurs at Ser 154 with a stoichiometry of about 0.1 mol phosphate/mol PROTEIN1 which is doubled by mild heat treatment of PROTEIN2 ,no
IEPA.d147.s358_512,With regard to PROTEIN1 phosphorylation occurs at Ser 154 with a stoichiometry of about 0.1 mol phosphate/mol PROTEIN which is doubled by mild heat treatment of PROTEIN2 ,no
IEPA.d148.s359_513,In vivo effects of CGP-12177 on the expression of PROTEIN1 and PROTEIN2 genes in mouse brown and white adipose tissues,no
IEPA.d148.s360_514,"OBJECTIVE: To assess the effect of chronic treatment with CGP-12177 a beta3-adrenergic receptor (AR) agonist with beta2/beta1-AR antagonist action, on the expression of the PROTEIN1 gene and of genes coding for PROTEIN2 (ucp1, ucp2 and ucp3) in brown and white adipose tissues",no
IEPA.d148.s361_515,"CONCLUSION: The results reveal that simultaneous stimulation of the expression of certain PROTEIN1 genes and the PROTEIN2 gene can be achieved, and suggest that adrenergic regulation of the PROTEIN gene and of genes of the PROTEIN family in adipose tissues is the result of complex interactions between the different beta-AR pathways",no
IEPA.d148.s361_516,"CONCLUSION: The results reveal that simultaneous stimulation of the expression of certain PROTEIN1 genes and the PROTEIN gene can be achieved, and suggest that adrenergic regulation of the PROTEIN gene and of genes of the PROTEIN2 family in adipose tissues is the result of complex interactions between the different beta-AR pathways",no
IEPA.d148.s361_517,"CONCLUSION: The results reveal that simultaneous stimulation of the expression of certain PROTEIN1 genes and the PROTEIN gene can be achieved, and suggest that adrenergic regulation of the PROTEIN2 gene and of genes of the PROTEIN family in adipose tissues is the result of complex interactions between the different beta-AR pathways",no
IEPA.d148.s361_518,"CONCLUSION: The results reveal that simultaneous stimulation of the expression of certain PROTEIN genes and the PROTEIN1 gene can be achieved, and suggest that adrenergic regulation of the PROTEIN gene and of genes of the PROTEIN2 family in adipose tissues is the result of complex interactions between the different beta-AR pathways",no
IEPA.d148.s361_519,"CONCLUSION: The results reveal that simultaneous stimulation of the expression of certain PROTEIN genes and the PROTEIN1 gene can be achieved, and suggest that adrenergic regulation of the PROTEIN2 gene and of genes of the PROTEIN family in adipose tissues is the result of complex interactions between the different beta-AR pathways",no
IEPA.d148.s361_520,"CONCLUSION: The results reveal that simultaneous stimulation of the expression of certain PROTEIN genes and the PROTEIN gene can be achieved, and suggest that adrenergic regulation of the PROTEIN1 gene and of genes of the PROTEIN2 family in adipose tissues is the result of complex interactions between the different beta-AR pathways",no
IEPA.d149.s362_521,"Furthermore, in SN-56/OBR cells both CNTF and PROTEIN1 produce changes in neurotransmitter and neuropeptide phenotype characteristic of cholinergic neurons, such as an increase in choline acetyltransferase and vasoactive intestinal polypeptide, and a decrease in PROTEIN2 expression",yes
IEPA.d150.s363_522,Possible central nervous system (CNS) mechanisms could mediate these responses in that leptin receptors are located on hypothalamic neurons that coexpress PROTEIN1 (NPY) or proopiomelanocortin (POMC) and both peptides that have been implicated as mediators of the CNS action of PROTEIN2 ,yes
IEPA.d150.s364_523, PROTEIN1 has been demonstrated to decrease or down regulate PROTEIN2 expression and increase POMC expression,yes
IEPA.d151.s365_524,Relationship among PROTEIN1 PROTEIN2 and galanin in young women and in postmenopausal women [see comments],yes
IEPA.d151.s366_525,"OBJECTIVE: To determine whether hormonal status may affect PROTEIN1 (NPY), galanin, and PROTEIN2 release in postmenopausal women and in young women",no
IEPA.d151.s367_526,CONCLUSIONS: Our results suggest that the differences is plasma PROTEIN1 PROTEIN and galanin between postmenopausal women and young women may be related to body mass index rather than to differences in hormonal status and that the higher PROTEIN2 levels in both lean and obese postmenopausal women than in young women indicate that factors other than body mass index may be involved,no
IEPA.d151.s367_527,CONCLUSIONS: Our results suggest that the differences is plasma PROTEIN PROTEIN1 and galanin between postmenopausal women and young women may be related to body mass index rather than to differences in hormonal status and that the higher PROTEIN2 levels in both lean and obese postmenopausal women than in young women indicate that factors other than body mass index may be involved,no
IEPA.d151.s367_528,CONCLUSIONS: Our results suggest that the differences is plasma PROTEIN1 PROTEIN2 and galanin between postmenopausal women and young women may be related to body mass index rather than to differences in hormonal status and that the higher PROTEIN levels in both lean and obese postmenopausal women than in young women indicate that factors other than body mass index may be involved,no
IEPA.d152.s368_529,"We examined for the first time in young men effects of intravenous injections of PROTEIN1 (4x50 or 100 microg, n = 9 and 11, respectively, at 22.00, 23.00, 24.00 and 01.00 compared to saline) on the sleep electroencephalogram (EEG; recorded from 23.00 to 07.00) and nocturnal secretion of adrenocorticotrophic hormone (ACTH), cortisol, growth hormone (GH), prolactin and PROTEIN2 ",no
IEPA.d153.s369_530,"Interestingly, both 5-HT and PROTEIN1 modulate the action of PROTEIN2 which may form a part of a common output pathway for the expression of appetite",yes
IEPA.d154.s370_531,"The glycosyl-phosphatidylinositol anchored protein, membrane dipeptidase (EC 3.4.13.19) is released from the surface of 3T3-L1 adipocytes in response to PROTEIN1 treatment through the action of a PROTEIN2 ",yes
IEPA.d154.s371_532,"Although X-Pro aminopeptidase (EC 3.4.11.9) is GPI-anchored in 3T3-L1 adipocytes as shown by digestion with bacterial phosphatidylinositol-specific PROTEIN1 it was not released upon PROTEIN2 treatment of the cells, indicating that only a subset of the GPI-anchored proteins are susceptible to PROTEIN stimulated release",no
IEPA.d154.s371_533,"Although X-Pro aminopeptidase (EC 3.4.11.9) is GPI-anchored in 3T3-L1 adipocytes as shown by digestion with bacterial phosphatidylinositol-specific PROTEIN it was not released upon PROTEIN1 treatment of the cells, indicating that only a subset of the GPI-anchored proteins are susceptible to PROTEIN2 stimulated release",no
IEPA.d154.s371_534,"Although X-Pro aminopeptidase (EC 3.4.11.9) is GPI-anchored in 3T3-L1 adipocytes as shown by digestion with bacterial phosphatidylinositol-specific PROTEIN1 it was not released upon PROTEIN treatment of the cells, indicating that only a subset of the GPI-anchored proteins are susceptible to PROTEIN2 stimulated release",no
IEPA.d155.s372_535,"However, neither progesterone nor PROTEIN1 increased phosphotyrosine on PROTEIN2 ",no
IEPA.d156.s373_536," PROTEIN1 is a satiety factor which acts within the hypothalamus to decrease the levels of several neuropeptides stimulating food intake (among them, PROTEIN2 [NPY]), while increasing those that inhibit food intake",yes
IEPA.d157.s374_537,"We have studied the effects of neomycin, a potent inhibitor of inositol phospholipid-specific phospholipase C (PLC), on the germination of rice seed and the PROTEIN1 induced expression of PROTEIN2 in the aleurone layer and the scutellar tissues",yes
IEPA.d157.s375_538,"It was shown that, in the absence of exogenous Ca2+, neomycin markedly reduced the germination speed and seedling growth of rice seeds and inhibited the PROTEIN1 induced expression of PROTEIN2 in both secretory tissues",yes
IEPA.d157.s376_539,These results strongly suggest that the phosphoinositide-Ca2+ signal transduction pathway may play an important role in the PROTEIN1 induced expression of PROTEIN2 molecules closely related to the germination processes of rice seed,yes
IEPA.d158.s377_540, PROTEIN1 PROTEIN2 opposing effects on appetitive and consummatory ingestive behavior and sexual behavior,no
IEPA.d158.s378_541,Many studies have indicated that PROTEIN1 (NPY) stimulates and PROTEIN2 inhibits food intake,no
IEPA.d158.s379_542,"In line with this, intracerebroventricular injection of PROTEIN1 (10 microg) stimulated and PROTEIN2 (10 microg) inhibited intake of a sucrose solution when female rats were required to obtain the solution from a bottle",no
IEPA.d158.s380_543,"However, PROTEIN1 inhibited and PROTEIN2 stimulated intake if the solution was infused intraorally",no
IEPA.d158.s381_544,"Thus PROTEIN1 stimulates the responses used to obtain food but inhibits those used to consume food, and PROTEIN2 has the opposite effects",no
IEPA.d159.s382_545,"In the fasting state PROTEIN1 expression correlated inversely with body mass index (r = -0.45; P = 0.026), percent body fat (r = -0.41; P = 0.05), plasma insulin (r = -0.47; P = 0.02), epigastric venous fatty acids (r = -0.45; P = 0.04), and PROTEIN2 (r = -0.50; P = 0.018)",yes
IEPA.d159.s383_546, PROTEIN1 expression remained inversely related with plasma PROTEIN2 after controlling for percent body (r = -0.45; P = 0.038),yes
IEPA.d159.s384_547,"In conclusion, 1) PROTEIN1 messenger ribonucleic acid expression in sc adipose tissue is inversely related to adiposity and independently linked to local plasma PROTEIN2 levels; and 2) PROTEIN expression is not acutely regulated by food intake, insulin, or fatty acids",yes
IEPA.d159.s384_548,"In conclusion, 1) PROTEIN messenger ribonucleic acid expression in sc adipose tissue is inversely related to adiposity and independently linked to local plasma PROTEIN1 levels; and 2) PROTEIN2 expression is not acutely regulated by food intake, insulin, or fatty acids",no
IEPA.d159.s384_549,"In conclusion, 1) PROTEIN1 messenger ribonucleic acid expression in sc adipose tissue is inversely related to adiposity and independently linked to local plasma PROTEIN levels; and 2) PROTEIN2 expression is not acutely regulated by food intake, insulin, or fatty acids",no
IEPA.d160.s385_550,"Thus, highly expressed in human adipocytes, the Y(1) receptor sustains the strong antilipolytic effect of PROTEIN1 and exerts a positive action on PROTEIN2 secretion",no
IEPA.d161.s386_551,"Induction of fatty acid translocase/CD36, peroxisome proliferator-activated receptor-gamma2, PROTEIN PROTEIN1 and PROTEIN2 and tumor necrosis factor-alpha gene expression in human subcutaneous fat by lipid infusion",no
IEPA.d161.s386_552,"Induction of fatty acid translocase/CD36, peroxisome proliferator-activated receptor-gamma2, PROTEIN1 PROTEIN and PROTEIN2 and tumor necrosis factor-alpha gene expression in human subcutaneous fat by lipid infusion",no
IEPA.d161.s386_553,"Induction of fatty acid translocase/CD36, peroxisome proliferator-activated receptor-gamma2, PROTEIN1 PROTEIN2 and PROTEIN and tumor necrosis factor-alpha gene expression in human subcutaneous fat by lipid infusion",no
IEPA.d161.s387_554,"Using reverse transcriptase-polymerase chain reaction analysis, the mRNA expression of fatty acid translocase (FAT)/CD36, PPAR-gamma2, PROTEIN PROTEIN1 and PROTEIN2 and tumor necrosis factor (TNF)-alpha was investigated in gluteal subcutaneous fat biopsies before and after 5 h infusions of saline or Intralipid (Pharmacia and Upjohn, Milan, Italy) plus heparin, which does not modify insulinemia",no
IEPA.d161.s387_555,"Using reverse transcriptase-polymerase chain reaction analysis, the mRNA expression of fatty acid translocase (FAT)/CD36, PPAR-gamma2, PROTEIN1 PROTEIN2 and PROTEIN and tumor necrosis factor (TNF)-alpha was investigated in gluteal subcutaneous fat biopsies before and after 5 h infusions of saline or Intralipid (Pharmacia and Upjohn, Milan, Italy) plus heparin, which does not modify insulinemia",no
IEPA.d161.s387_556,"Using reverse transcriptase-polymerase chain reaction analysis, the mRNA expression of fatty acid translocase (FAT)/CD36, PPAR-gamma2, PROTEIN1 PROTEIN and PROTEIN2 and tumor necrosis factor (TNF)-alpha was investigated in gluteal subcutaneous fat biopsies before and after 5 h infusions of saline or Intralipid (Pharmacia and Upjohn, Milan, Italy) plus heparin, which does not modify insulinemia",no
IEPA.d161.s388_557,"Marked increases in FAT/CD36 (724+/-18%; P < 0.05), PPAR-gamma2 (200+/-8%; P < 0.05), PROTEIN1 (110+/-13%; P < 0.05), PROTEIN (120+/-7%; P < 0.05), PROTEIN2 (80+/-5%; P < 0.05), and TNF-alpha mRNA (130+/-12%; P < 0.05) were observed in comparison with pretreatment levels, whereas there was no change after saline infusion",no
IEPA.d161.s388_558,"Marked increases in FAT/CD36 (724+/-18%; P < 0.05), PPAR-gamma2 (200+/-8%; P < 0.05), PROTEIN (110+/-13%; P < 0.05), PROTEIN1 (120+/-7%; P < 0.05), PROTEIN2 (80+/-5%; P < 0.05), and TNF-alpha mRNA (130+/-12%; P < 0.05) were observed in comparison with pretreatment levels, whereas there was no change after saline infusion",no
IEPA.d161.s388_559,"Marked increases in FAT/CD36 (724+/-18%; P < 0.05), PPAR-gamma2 (200+/-8%; P < 0.05), PROTEIN1 (110+/-13%; P < 0.05), PROTEIN2 (120+/-7%; P < 0.05), PROTEIN (80+/-5%; P < 0.05), and TNF-alpha mRNA (130+/-12%; P < 0.05) were observed in comparison with pretreatment levels, whereas there was no change after saline infusion",no
IEPA.d161.s389_560,"These data suggest that the in vivo gene expression of FAT/CD36, PPAR-gamma2, PROTEIN1 PROTEIN2 PROTEIN and TNF-alpha in subcutaneous adipose tissue is regulated by circulating lipids independent of insulin and that prolonged hyperlipidemia may therefore contribute to increased fat metabolism and storage as a result of the increased expression of these proteins",no
IEPA.d161.s389_561,"These data suggest that the in vivo gene expression of FAT/CD36, PPAR-gamma2, PROTEIN PROTEIN1 PROTEIN2 and TNF-alpha in subcutaneous adipose tissue is regulated by circulating lipids independent of insulin and that prolonged hyperlipidemia may therefore contribute to increased fat metabolism and storage as a result of the increased expression of these proteins",no
IEPA.d161.s389_562,"These data suggest that the in vivo gene expression of FAT/CD36, PPAR-gamma2, PROTEIN1 PROTEIN PROTEIN2 and TNF-alpha in subcutaneous adipose tissue is regulated by circulating lipids independent of insulin and that prolonged hyperlipidemia may therefore contribute to increased fat metabolism and storage as a result of the increased expression of these proteins",no
IEPA.d162.s390_563,"We previously reported that adiposity and serum PROTEIN1 levels increase with age in male F-344xBN rats and that when physiological levels of serum PROTEIN are manipulated by fasting, there is a corresponding reciprocal change in hypothalamic PROTEIN2 (NPY) mRNA in young rats, but there are no changes in older rats",no
IEPA.d162.s390_564,"We previously reported that adiposity and serum PROTEIN levels increase with age in male F-344xBN rats and that when physiological levels of serum PROTEIN1 are manipulated by fasting, there is a corresponding reciprocal change in hypothalamic PROTEIN2 (NPY) mRNA in young rats, but there are no changes in older rats",no
IEPA.d162.s390_565,"We previously reported that adiposity and serum PROTEIN1 levels increase with age in male F-344xBN rats and that when physiological levels of serum PROTEIN2 are manipulated by fasting, there is a corresponding reciprocal change in hypothalamic PROTEIN (NPY) mRNA in young rats, but there are no changes in older rats",no
IEPA.d162.s391_566,These findings suggest that the regulation of hypothalamic PROTEIN1 mRNA by PROTEIN2 may be impaired with age,yes
IEPA.d162.s392_567,"We examined daily food consumption, body weight, whole-body oxygen consumption, serum PROTEIN1 and PROTEIN2 mRNA in the hypothalamus",no
IEPA.d162.s393_568," PROTEIN1 infusion diminished hypothalamic PROTEIN2 levels by nearly 50% compared with pair-fed young rats, whereas there were no changes in the hypothalamic PROTEIN mRNA levels in senescent rats",yes
IEPA.d162.s393_569," PROTEIN1 infusion diminished hypothalamic PROTEIN levels by nearly 50% compared with pair-fed young rats, whereas there were no changes in the hypothalamic PROTEIN2 mRNA levels in senescent rats",no
IEPA.d162.s393_570," PROTEIN infusion diminished hypothalamic PROTEIN1 levels by nearly 50% compared with pair-fed young rats, whereas there were no changes in the hypothalamic PROTEIN2 mRNA levels in senescent rats",no
IEPA.d162.s394_571,These diminished responses to PROTEIN1 were associated with and may be the result of an impaired suppression of hypothalamic PROTEIN2 mRNA levels,no
IEPA.d163.s395_572,C75 inhibited expression of the prophagic signal PROTEIN1 in the hypothalamus and acted in a PROTEIN2 independent manner that appears to be mediated by malonyl-coenzyme A,no
IEPA.d164.s396_573,"The aims of this study were: (1) to assess the effects of maternal undernutrition during pregnancy on adult offspring with regard to growth, body composition and plasma levels of glucose, PROTEIN1 and corticosterone, and (2) to investigate whether PROTEIN2 treatment early in life could ameliorate the adverse effects of food restriction in utero",no
IEPA.d165.s397_574,Interactions between PROTEIN1 and PROTEIN2 affecting lipid mobilization in adipose tissue,yes
IEPA.d165.s398_575,The aim of the current investigations was focused on the study of the involvement of PROTEIN1 and PROTEIN2 in lipid mobilization,no
IEPA.d165.s399_576,The lipolytic rate was assessed through glycerol release after incubation with PROTEIN1 and PROTEIN2 at concentrations ranging from 10(-6) to 10(-12) M in isolated adipocytes obtained from female rats,no
IEPA.d165.s400_577,"At equimolar concentrations of PROTEIN1 and PROTEIN2 (10(-12) to 10(-6) M) the observed lipolytic activity is comparable to the basal lipolytic activity, except at a concentration of 10(-9) M where upon a significant increase in lipolysis is observed",no
IEPA.d165.s401_578,"Summing up, new evidence suggests that PROTEIN1 and PROTEIN2 may interact in a homeostatic loop to regulate body-fat mass and energy balance not only at the central nervous system level, but also directly at the adipocyte level",yes
IEPA.d166.s402_579,The PROTEIN1 specific inhibitor Go-6983 further enhanced the inhibitory effect of VACM-1 on PROTEIN2 stimulated cAMP production,no
IEPA.d168.s404_580,Involvement of thyroid hormones in the effect of intracerebroventricular PROTEIN1 infusion on PROTEIN2 expression in rat muscle,yes
IEPA.d168.s405_581,"A reduction of food intake imposed on control rats (pair-feeding), aimed at mimicking PROTEIN induced hyperphagia, produced a marked decrease in the expression of muscle PROTEIN1 (UCP-3), whereas ICV infusion of PROTEIN prevented such a decrease in PROTEIN2 ",no
IEPA.d168.s405_582,"A reduction of food intake imposed on control rats (pair-feeding), aimed at mimicking PROTEIN1 induced hyperphagia, produced a marked decrease in the expression of muscle PROTEIN (UCP-3), whereas ICV infusion of PROTEIN prevented such a decrease in PROTEIN2 ",no
IEPA.d168.s405_583,"A reduction of food intake imposed on control rats (pair-feeding), aimed at mimicking PROTEIN induced hyperphagia, produced a marked decrease in the expression of muscle PROTEIN (UCP-3), whereas ICV infusion of PROTEIN1 prevented such a decrease in PROTEIN2 ",yes
IEPA.d168.s405_584,"A reduction of food intake imposed on control rats (pair-feeding), aimed at mimicking PROTEIN1 induced hyperphagia, produced a marked decrease in the expression of muscle PROTEIN2 (UCP-3), whereas ICV infusion of PROTEIN prevented such a decrease in PROTEIN ",yes
IEPA.d168.s405_585,"A reduction of food intake imposed on control rats (pair-feeding), aimed at mimicking PROTEIN induced hyperphagia, produced a marked decrease in the expression of muscle PROTEIN1 (UCP-3), whereas ICV infusion of PROTEIN2 prevented such a decrease in PROTEIN ",no
IEPA.d168.s405_586,"A reduction of food intake imposed on control rats (pair-feeding), aimed at mimicking PROTEIN1 induced hyperphagia, produced a marked decrease in the expression of muscle PROTEIN (UCP-3), whereas ICV infusion of PROTEIN2 prevented such a decrease in PROTEIN ",no
IEPA.d168.s406_587,"To further substantiate an involvement of thyroid hormones in the effect of PROTEIN1 on muscle PROTEIN expression, hypothyroid rats were ICV infused with PROTEIN2 or vehicle",no
IEPA.d168.s406_588,"To further substantiate an involvement of thyroid hormones in the effect of PROTEIN1 on muscle PROTEIN2 expression, hypothyroid rats were ICV infused with PROTEIN or vehicle",yes
IEPA.d168.s406_589,"To further substantiate an involvement of thyroid hormones in the effect of PROTEIN on muscle PROTEIN1 expression, hypothyroid rats were ICV infused with PROTEIN2 or vehicle",no
IEPA.d168.s407_590,"It was observed that in hypothyroid rats, ICV PROTEIN1 was unable to maintain muscle PROTEIN2 expression at values measured in ad libitum fed controls",yes
IEPA.d168.s408_591,"These results suggest that central PROTEIN1 stimulates T3 production via an activation of T4 to T3 conversion, and that this stimulation could be responsible for the effect of PROTEIN2 on muscle PROTEIN expression",no
IEPA.d168.s408_592,"These results suggest that central PROTEIN1 stimulates T3 production via an activation of T4 to T3 conversion, and that this stimulation could be responsible for the effect of PROTEIN on muscle PROTEIN2 expression",no
IEPA.d168.s408_593,"These results suggest that central PROTEIN stimulates T3 production via an activation of T4 to T3 conversion, and that this stimulation could be responsible for the effect of PROTEIN1 on muscle PROTEIN2 expression",yes
IEPA.d169.s409_594,"The body mass index (BMI), PROTEIN1 plasma PROTEIN2 (NPY), serotonin, thyroxine (T4), triiodothyronine (T3) and reverse triiodothyronine (rT3) in serum were evaluated for each subject",no
IEPA.d171.s415_595," PROTEIN1 (PLC) activity was investigated by stimulation of membrane preparations obtained from PROTEIN2 (beta-TC3)-, somatostatin (Rin 1027-B2)-, and glucagon (INR1-G9)-producing pancreatic cell lines using the non-hydrolyzable GTP analogue GTPgammaS alone, the C-terminal octapeptide cholecystokinin (CCK-8), or gastrin",no
IEPA.d172.s416_596,"Therefore, it was examined whether stimulation of Swiss 3T3 cells with PROTEIN1 causes changes in the subcellular distribution of EGF receptors and PROTEIN2 that could potentially explain the observed synergy or costimulation.",yes
IEPA.d172.s417_597,"However, both EGF and PROTEIN stimulated the accumulation of PROTEIN1 at the actin arc, which was coincident with the EGF receptor in the case of PROTEIN2 stimulated cells.",no
IEPA.d172.s417_598,"However, both EGF and PROTEIN1 stimulated the accumulation of PROTEIN at the actin arc, which was coincident with the EGF receptor in the case of PROTEIN2 stimulated cells.",no
IEPA.d172.s417_599,"However, both EGF and PROTEIN1 stimulated the accumulation of PROTEIN2 at the actin arc, which was coincident with the EGF receptor in the case of PROTEIN stimulated cells.",yes
IEPA.d172.s418_600,"Therefore, it is suggested that the PROTEIN1 induced coclustering of the EGF receptor with PROTEIN2 at the actin arc may allow for greater efficiency of signal transduction, resulting in the synergy observed for these two hormones in stimulation of DNA synthesis.",yes
IEPA.d173.s419_601,We have established that the recovery of secreted PROTEIN1 is increased by the PROTEIN2 agonists PDBu and PMA in a time- and dose-dependent manner in both cell lines,no
IEPA.d173.s420_602,"In contrast, secretion of PROTEIN1 remains unaffected by the inactive PDBu analog alphaPDD and by the PROTEIN2 effectors dibutyryl cAMP and forskolin",no
IEPA.d173.s421_603,"Overall, our data indicate that the normal processing of PROTEIN is up-regulated by PROTEIN1 but not PROTEIN2 in human cells and murine neurons",no
IEPA.d173.s421_604,"Overall, our data indicate that the normal processing of PROTEIN1 is up-regulated by PROTEIN but not PROTEIN2 in human cells and murine neurons",no
IEPA.d173.s421_605,"Overall, our data indicate that the normal processing of PROTEIN1 is up-regulated by PROTEIN2 but not PROTEIN in human cells and murine neurons",yes
IEPA.d174.s422_606,Dietary intakes of PROTEIN1 PROTEIN and PROTEIN by Japanese women and the inverse correlation between quercetin intake and plasma LDL PROTEIN2 concentration,yes
IEPA.d174.s422_607,Dietary intakes of PROTEIN1 PROTEIN2 and PROTEIN by Japanese women and the inverse correlation between quercetin intake and plasma LDL PROTEIN concentration,no
IEPA.d174.s422_608,Dietary intakes of PROTEIN1 PROTEIN and PROTEIN2 by Japanese women and the inverse correlation between quercetin intake and plasma LDL PROTEIN concentration,no
IEPA.d174.s422_609,Dietary intakes of PROTEIN PROTEIN1 and PROTEIN by Japanese women and the inverse correlation between quercetin intake and plasma LDL PROTEIN2 concentration,yes
IEPA.d174.s422_610,Dietary intakes of PROTEIN PROTEIN and PROTEIN1 by Japanese women and the inverse correlation between quercetin intake and plasma LDL PROTEIN2 concentration,yes
IEPA.d174.s422_611,Dietary intakes of PROTEIN PROTEIN1 and PROTEIN2 by Japanese women and the inverse correlation between quercetin intake and plasma LDL PROTEIN concentration,no
IEPA.d174.s423_612,"The total intake of PROTEIN was inversely correlated with the plasma total PROTEIN1 concentration (TC) (r = -0.236, P: < 0.05) and plasma LDL PROTEIN2 concentration (LDL-C) (r = -0.220, P: < 0.05), after the adjustment for age, body mass index and total energy intake",no
IEPA.d174.s423_613,"The total intake of PROTEIN1 was inversely correlated with the plasma total PROTEIN2 concentration (TC) (r = -0.236, P: < 0.05) and plasma LDL PROTEIN concentration (LDL-C) (r = -0.220, P: < 0.05), after the adjustment for age, body mass index and total energy intake",yes
IEPA.d174.s423_614,"The total intake of PROTEIN1 was inversely correlated with the plasma total PROTEIN concentration (TC) (r = -0.236, P: < 0.05) and plasma LDL PROTEIN2 concentration (LDL-C) (r = -0.220, P: < 0.05), after the adjustment for age, body mass index and total energy intake",yes
IEPA.d175.s424_615,"Although the above data are consistent with a direct ability of PROTEIN1 to promote TRH biosynthesis through actions on TRH neurons, addition of a-MSH produced a 3.5 fold increase in TRH biosynthesis and release, whereas PROTEIN2 treatment suppressed ~3 fold proTRH biosynthesis",no
IEPA.d176.s425_616,"For example, PROTEIN1 suppresses PROTEIN2 (NPY) expression in the arcuate nucleus",yes
IEPA.d177.s426_617,"As expected, in fusion of PROTEIN1 alone (18 microg/day) augmented food intake (191.6% over the initial control, P < 0.05) and produced a 25.1% weight gain in conjunction with a 10-fold increase in serum PROTEIN2 concentrations at the end of the 7-day period",yes
IEPA.d177.s427_618,"Interestingly, coinfusion of this regimen of PROTEIN with the highly effective anorectic and body reducing effects of CNTF (5.0 microg/day) not only prevented the CNTF-induced anorexia and weight loss, but also normalized serum PROTEIN1 concentrations and hypothalamic PROTEIN2 gene expression",no
IEPA.d177.s427_619,"Interestingly, coinfusion of this regimen of PROTEIN1 with the highly effective anorectic and body reducing effects of CNTF (5.0 microg/day) not only prevented the CNTF-induced anorexia and weight loss, but also normalized serum PROTEIN2 concentrations and hypothalamic PROTEIN gene expression",yes
IEPA.d177.s427_620,"Interestingly, coinfusion of this regimen of PROTEIN1 with the highly effective anorectic and body reducing effects of CNTF (5.0 microg/day) not only prevented the CNTF-induced anorexia and weight loss, but also normalized serum PROTEIN concentrations and hypothalamic PROTEIN2 gene expression",no
IEPA.d177.s428_621,"These results demonstrate that chronic central infusion to produce a persistent elevation of the cytokine at pathophysiological levels (a situation that may normally manifest during infection, injury and inflammation) produced severe anorexia and weight loss in conjunction with reduction in both serum PROTEIN1 concentrations and hypothalamic PROTEIN2 gene expression",no
IEPA.d178.s429_622,A caveolin-1-dependent coupling of PROTEIN1 to the PROTEIN2 was observed,yes
IEPA.d179.s430_623,"Recently several significant advances have been made in this area, including the identification of the appetite regulating hormone, PROTEIN1 and a detailed understanding of its targets in the central nervous system (CNS), such as PROTEIN2 (NPY) and the melanocortin-4 receptor",yes
IEPA.d180.s431_624,A loop system exists between hypothalamic PROTEIN1 (NPY) and peripheral adipose tissue PROTEIN2 to maintain normal body homeostasis,yes
IEPA.d180.s432_625,"When infused i.c.v. to normal rats to mimic its central effects, PROTEIN1 decreases PROTEIN2 levels, thus food intake and body weight",yes
IEPA.d180.s433_626,Circadian fluctuations of PROTEIN1 and PROTEIN2 levels maintain normal body homeostasis,no
IEPA.d180.s434_627," PROTEIN1 increases the expression of PROTEIN2 (UCP-1, -2, -3) and thus energy dissipation",yes
IEPA.d181.s435_628,"Activity and expression of the three PROTEIN1 s are stimulated by several neuromediators and hormones such as noradrenaline, tri-iodothyronine and PROTEIN2 ",yes
IEPA.d182.s436_629,"The effect of PROTEIN1 in adult rats appears to be exerted at hypothalamic level by regulating growth hormone releasing hormone (GHRH), somatostatin and PROTEIN2 (NPY)-producing neurones",yes
IEPA.d183.s437_630,"Plasma insulin, cholecystokinin, galanin, PROTEIN1 and PROTEIN2 levels in obese women with and without type 2 diabetes mellitus",no
IEPA.d183.s438_631,"Experimental studies provided evidences that PROTEIN1 cholecystokinin (CCK), galanin (GAL), PROTEIN2 (NPY) and insulin are involved in feeding behaviour",no
IEPA.d183.s439_632,"Plasma concentrations of FSH, PROTEIN1 CCK, GAL, PROTEIN2 and insulin were determined using commercial RIA kits",no
IEPA.d183.s440_633,"Our results, ie higher mean plasma PROTEIN1 levels in postmenopausal diabetic women and positive correlation of CCK with PROTEIN2 and insulin, may suggest the role of these neuropeptides in metabolic disorders leading to type 2 diabetes mellitus",no
IEPA.d184.s441_634,These results suggest that T3 may increase PROTEIN1 family expression independent of PROTEIN2 action,no
IEPA.d185.s442_635,"The ARC PROTEIN1 neurones are stimulated by starvation, probably mediated by falls in circulating PROTEIN2 and insulin (which both inhibit these neurones), and contribute to the increased hunger in this and other conditions of energy deficit",no
IEPA.d185.s443_636,"ARC PROTEIN neurones also mediate hyperphagia and obesity in the ob/ob and db/db mice and fa/fa rat, in which PROTEIN1 inhibition is lost through mutations affecting PROTEIN2 or its receptor",no
IEPA.d185.s443_637,"ARC PROTEIN1 neurones also mediate hyperphagia and obesity in the ob/ob and db/db mice and fa/fa rat, in which PROTEIN2 inhibition is lost through mutations affecting PROTEIN or its receptor",no
IEPA.d185.s443_638,"ARC PROTEIN1 neurones also mediate hyperphagia and obesity in the ob/ob and db/db mice and fa/fa rat, in which PROTEIN inhibition is lost through mutations affecting PROTEIN2 or its receptor",no
IEPA.d186.s444_639," PROTEIN1 secretion, inositol phosphate levels, and PROTEIN2 isozymes in rodent pancreatic islets",no
IEPA.d186.s445_640,These findings are consistent with the concept that the underexpression of the nutrient-activated PROTEIN1 isozyme may account for the minimal inositol phosphate (IP) and second-phase PROTEIN2 secretory response from mouse islets,yes
IEPA.d187.s446_641,Gibbestatin B inhibits the PROTEIN1 induced expression of PROTEIN2 expression in cereal seeds [In Process Citation],yes
IEPA.d187.s447_642,The expression of PROTEIN1 in aleurone layers of barley is known to be induced by PROTEIN2 (GA).,yes
IEPA.d187.s448_643,"In the present study, gibbestatin B (GNB) was isolated from Streptomyces sp. C-39 as an inhibitor of the PROTEIN1 induced expression of PROTEIN2 in barley and rice, with IC50 values of 125 and 70 microM, respectively.",yes
IEPA.d187.s449_644,GNB suppressed accumulation of PROTEIN1 induced barley high-pI type B and rice RAmylA PROTEIN2 transcripts.,yes
IEPA.d187.s450_645,"These analyses indicate that GNB inhibits the PROTEIN1 induced expression of PROTEIN2 by regulating one of the steps involved in ABA signaling, but not by acting as a weak ABA analog.",yes
IEPA.d188.s451_646,"We also determined whether well known hypothalamic neuropeptide targets, e.g. PROTEIN1 (NPY), proopiomelanocortin (POMC), agouti-related peptide (AGRP) and cocaine and amphetamine-regulated transcript (CART) were regulated in a pattern consistent with their presumed roles as mediators of PROTEIN2 action",yes
IEPA.d188.s452_647,"In contrast, PROTEIN1 decreased body weight and adiposity, increased CART and suppressed PROTEIN2 and AGRP mRNA expression in adult mice",yes
IEPA.d190.s454_648, PROTEIN1 effects on pulsatile gonadotropin releasing hormone secretion from the adult rat hypothalamus and interaction with cocaine and amphetamine regulated transcript peptide and PROTEIN2 [In Process Citation],yes
IEPA.d190.s455_649, PROTEIN1 may act as a negative feedback signal to the hypothalamic control of appetite through suppression of PROTEIN2 (NPY) secretion and stimulation of cocaine and amphetamine regulated transcript (CART).,yes
IEPA.d190.s456_650,We aimed at studying the effects of PROTEIN1 CART and PROTEIN2 on the hypothalamic control of the pituitary-gonadal system.,no
IEPA.d190.s457_651,The increase in GnRH pulse amplitude caused by PROTEIN1 was totally prevented by coincubation with an anti-CART antiserum whereas it was not affected by coincubation with the PROTEIN2 Y5-receptor antagonist (10(-7) M).,no
IEPA.d190.s458_652,"In conclusion, PROTEIN1 and PROTEIN2 show separate permissive effects on GnRH secretion in the adult rat hypothalamus.",no
IEPA.d191.s459_653,"Similarly, central PROTEIN1 treatment also had a greater effect in suppressing hypothalamic PROTEIN2 mRNA expression in young (-23+/-4%) than in old (-8+/-4%) rats compared with their age-matched pair-fed treated rats",yes
IEPA.d192.s460_654,"Compared with the wild type, PROTEIN1 induction of PROTEIN2 activity in aleurone cells of d1 was greatly reduced",yes
IEPA.d192.s461_655,"Relative to the wild type, the PROTEIN1 3)-treated aleurone layer of d1 had lower expression of Ramy1A, which encodes PROTEIN2 and OsGAMYB, which encodes a PROTEIN inducible transcriptional factor, and no increase in expression of Ca(2 +)-ATPase",yes
IEPA.d192.s461_656,"Relative to the wild type, the PROTEIN1 3)-treated aleurone layer of d1 had lower expression of Ramy1A, which encodes PROTEIN and OsGAMYB, which encodes a PROTEIN2 inducible transcriptional factor, and no increase in expression of Ca(2 +)-ATPase",no
IEPA.d192.s461_657,"Relative to the wild type, the PROTEIN 3)-treated aleurone layer of d1 had lower expression of Ramy1A, which encodes PROTEIN1 and OsGAMYB, which encodes a PROTEIN2 inducible transcriptional factor, and no increase in expression of Ca(2 +)-ATPase",no
IEPA.d192.s462_658,"However, in the presence of high PROTEIN1 concentrations, PROTEIN2 induction occurred even in d1",yes
IEPA.d192.s463_659,"All these results suggest that d1 affects a part of the PROTEIN1 signaling pathway, namely the induction of PROTEIN2 in the aleurone layer and internode elongation",yes
IEPA.d193.s464_660,"Finally, recent evidences suggest that melanocortins could be involved in mediating the effects of PROTEIN1 and in controlling the expression of PROTEIN2 (NPY)",no
IEPA.d194.s465_661, PROTEIN1 induced phospholipase D1 and phospholipase D2 activity in human embryonic kidney-293 cells mediated by the PROTEIN2 and protein kinase Calpha signalling cascade.,yes
IEPA.d194.s466_662,"Co-expression of PLD1 with PROTEIN1 has the same effect, while co-expression of PLD2 with PROTEIN2 allows PLD2 activity to be stimulated in an PROTEIN dependent manner.",no
IEPA.d194.s466_663,"Co-expression of PLD1 with PROTEIN has the same effect, while co-expression of PLD2 with PROTEIN1 allows PLD2 activity to be stimulated in an PROTEIN2 dependent manner.",no
IEPA.d194.s466_664,"Co-expression of PLD1 with PROTEIN1 has the same effect, while co-expression of PLD2 with PROTEIN allows PLD2 activity to be stimulated in an PROTEIN2 dependent manner.",no
IEPA.d194.s467_665,"The PKC-specific inhibitors bisindolylmaleimide and Go 6976 abolish PROTEIN1 induced PLD2 activation in HEK-293 cells co-expressing the insulin receptor, PROTEIN2 and PLD2, confirming that not only PLD1, but PLD2 as well, is regulated in a PKC-dependent manner.",no
IEPA.d194.s468_666,"In summary, we demonstrate that PROTEIN1 treatment results in activation of both PLD1 and PLD2 in appropriate cell types when the appropriate upstream intermediate signalling components, i.e. PKCalpha and PROTEIN2 are expressed at sufficient levels.",yes
IEPA.d196.s476_667,Both receive information about the nutritional status and the level of energy storage through insulin and PROTEIN1 signaling mediated by specific receptors located on POMC and PROTEIN2 neurons present predominantly in the arcuate nucleus (ARC).,no
IEPA.d196.s477_668,"When PROTEIN1 signaling is defective, through a defect in either the receptor (Zucker fa/fa rat, cp/cp rat, and db/db mouse) or in the peptide itself (ob/ob mouse), the PROTEIN2 system is upregulated as shown by mRNA overexpression and increased peptide release, whereas the content and/or release of some inhibitory peptides (neurotensin, cholecystokinin) are diminished.",no
IEPA.d197.s478_669, PROTEIN1 as a modulator of PROTEIN2 ,yes
IEPA.d197.s479_670,"On the basis of far-Western blot and plasmon resonance (BIAcore) experiments, we show here that recombinant PROTEIN1 (bPrP) (25-242) strongly interacts with the catalytic alpha/alpha' subunits of PROTEIN2 (also termed 'casein kinase 2')",yes
IEPA.d197.s480_671,We also show that PROTEIN1 counteracts the inhibition of calmodulin phosphorylation promoted by the regulatory beta subunits of PROTEIN2 ,no
IEPA.d197.s481_672,A truncated form of PROTEIN1 encompassing the C-terminal domain (residues 105-242) interacts with PROTEIN2 but does not affect its catalytic activity,yes
IEPA.d197.s482_673,These results disclose the potential of the PROTEIN1 to modulate the activity of PROTEIN2 a pleiotropic PROTEIN that is particularly abundant in the brain,yes
IEPA.d197.s482_674,These results disclose the potential of the PROTEIN1 to modulate the activity of PROTEIN a pleiotropic PROTEIN2 that is particularly abundant in the brain,no
IEPA.d197.s482_675,These results disclose the potential of the PROTEIN to modulate the activity of PROTEIN1 a pleiotropic PROTEIN2 that is particularly abundant in the brain,no
IEPA.d198.s483_676,"Arcuate nucleus PROTEIN1 mRNA increased in rats given protein-free diet, correlating with PROTEIN2 rather than decreased feeding",yes
IEPA.d199.s484_677,The induction of PROTEIN1 triggered by PROTEIN2 in barley embryos is repressed by sugars,yes
IEPA.d199.s485_678,"Our results indicate that glucose represses PROTEIN1 signalling late along this hormone transduction pathway, downstream of transcription of the PROTEIN modulated transcriptional activator (GAMYB) needed for PROTEIN2 induction",no
IEPA.d199.s485_679,"Our results indicate that glucose represses PROTEIN signalling late along this hormone transduction pathway, downstream of transcription of the PROTEIN1 modulated transcriptional activator (GAMYB) needed for PROTEIN2 induction",no
IEPA.d199.s485_680,"Our results indicate that glucose represses PROTEIN1 signalling late along this hormone transduction pathway, downstream of transcription of the PROTEIN2 modulated transcriptional activator (GAMYB) needed for PROTEIN induction",no
